metric,2024-03-31 00:00:00,2023-12-31 00:00:00,2023-09-30 00:00:00,2023-06-30 00:00:00,2023-03-31 00:00:00,stock,2024-02-29 00:00:00,2023-11-30 00:00:00,2023-08-31 00:00:00,2023-05-31 00:00:00,2023-02-28 00:00:00
Free Cash Flow,1763000000.0,2469000000.0,1101000000.0,-350000000.0,1000000000.0,PYPL,,,,,
Repurchase Of Capital Stock,-1501000000.0,-607000000.0,-1434000000.0,-1529000000.0,-1432000000.0,PYPL,,,,,
Repayment Of Debt,-359000000.0,-111000000.0,0.0,-937000000.0,-5000000.0,PYPL,,,,,
Issuance Of Debt,115000000.0,699000000.0,109000000.0,648000000.0,72000000.0,PYPL,,,,,
Issuance Of Capital Stock,0.0,45000000.0,0.0,81000000.0,1000000.0,PYPL,,,,,
Capital Expenditure,-154000000.0,-145000000.0,-158000000.0,-150000000.0,-170000000.0,PYPL,,,,,
Interest Paid Supplemental Data,2000000.0,164000000.0,,,2000000.0,PYPL,,,,,
Income Tax Paid Supplemental Data,83000000.0,1060000000.0,,,495000000.0,PYPL,,,,,
End Cash Position,22275000000.0,21834000000.0,16583000000.0,15615000000.0,17694000000.0,PYPL,,,,,
Beginning Cash Position,21834000000.0,16583000000.0,15615000000.0,17694000000.0,19156000000.0,PYPL,,,,,
Effect Of Exchange Rate Changes,-94000000.0,171000000.0,-45000000.0,-46000000.0,-4000000.0,PYPL,,,,,
Changes In Cash,535000000.0,5080000000.0,1013000000.0,-2033000000.0,-1458000000.0,PYPL,,,,,
Financing Cash Flow,-2362000000.0,3000000000.0,61000000.0,-3273000000.0,-2781000000.0,PYPL,,,,,
Cash Flow From Continuing Financing Activities,-2362000000.0,3000000000.0,61000000.0,-3273000000.0,-2781000000.0,PYPL,,,,,
Net Other Financing Charges,-617000000.0,2974000000.0,1386000000.0,-1536000000.0,-1417000000.0,PYPL,,,,,
Net Common Stock Issuance,-1501000000.0,-562000000.0,-1434000000.0,-1448000000.0,-1431000000.0,PYPL,,,,,
Common Stock Payments,-1501000000.0,-607000000.0,-1434000000.0,-1529000000.0,-1432000000.0,PYPL,,,,,
Common Stock Issuance,0.0,45000000.0,0.0,81000000.0,1000000.0,PYPL,,,,,
Net Issuance Payments Of Debt,-244000000.0,588000000.0,109000000.0,-289000000.0,67000000.0,PYPL,,,,,
Net Short Term Debt Issuance,-359000000.0,,,,-5000000.0,PYPL,,,,,
Short Term Debt Payments,-359000000.0,,,,-5000000.0,PYPL,,,,,
Net Long Term Debt Issuance,115000000.0,588000000.0,109000000.0,-294000000.0,72000000.0,PYPL,,,,,
Long Term Debt Payments,,-111000000.0,0.0,-937000000.0,-5000000.0,PYPL,,,,,
Long Term Debt Issuance,115000000.0,699000000.0,109000000.0,648000000.0,72000000.0,PYPL,,,,,
Investing Cash Flow,980000000.0,-534000000.0,-307000000.0,1440000000.0,153000000.0,PYPL,,,,,
Cash Flow From Continuing Investing Activities,980000000.0,-534000000.0,-307000000.0,1440000000.0,153000000.0,PYPL,,,,,
Net Other Investing Changes,-1027000000.0,-2036000000.0,-1069000000.0,677000000.0,977000000.0,PYPL,,,,,
Net Investment Purchase And Sale,2161000000.0,1180000000.0,916000000.0,874000000.0,-655000000.0,PYPL,,,,,
Sale Of Investment,9242000000.0,8185000000.0,5368000000.0,5297000000.0,5445000000.0,PYPL,,,,,
Purchase Of Investment,-7081000000.0,-7005000000.0,-4452000000.0,-4423000000.0,-6100000000.0,PYPL,,,,,
Net PPE Purchase And Sale,-154000000.0,-144000000.0,-154000000.0,-111000000.0,-169000000.0,PYPL,,,,,
Sale Of PPE,0.0,1000000.0,4000000.0,39000000.0,1000000.0,PYPL,,,,,
Purchase Of PPE,-154000000.0,-145000000.0,-158000000.0,-150000000.0,-170000000.0,PYPL,,,,,
Operating Cash Flow,1917000000.0,2614000000.0,1259000000.0,-200000000.0,1170000000.0,PYPL,,,,,
Cash Flow From Continuing Operating Activities,1917000000.0,2614000000.0,1259000000.0,-200000000.0,1170000000.0,PYPL,,,,,
Change In Working Capital,115000000.0,-408000000.0,247000000.0,-678000000.0,-475000000.0,PYPL,,,,,
Change In Other Working Capital,176000000.0,-354000000.0,17000000.0,-376000000.0,-475000000.0,PYPL,,,,,
Change In Payables And Accrued Expense,-22000000.0,44000000.0,301000000.0,-341000000.0,3000000.0,PYPL,,,,,
Change In Payable,-22000000.0,44000000.0,301000000.0,-341000000.0,3000000.0,PYPL,,,,,
Change In Account Payable,-22000000.0,13000000.0,6000000.0,-15000000.0,3000000.0,PYPL,,,,,
Change In Tax Payable,,,295000000.0,-91000000.0,-235000000.0,PYPL,,,,,
Change In Income Tax Payable,,,295000000.0,-91000000.0,-235000000.0,PYPL,,,,,
Change In Receivables,-39000000.0,-79000000.0,-71000000.0,39000000.0,-3000000.0,PYPL,,,,,
Changes In Account Receivables,-39000000.0,-79000000.0,-71000000.0,39000000.0,-3000000.0,PYPL,,,,,
Other Non Cash Items,258000000.0,1917000000.0,-340000000.0,-1040000000.0,419000000.0,PYPL,,,,,
Stock Based Compensation,365000000.0,388000000.0,379000000.0,363000000.0,345000000.0,PYPL,,,,,
Provisionand Write Offof Assets,,,,,442000000.0,PYPL,,,,,
Amortization Of Securities,-75000000.0,,,,-69000000.0,PYPL,,,,,
Deferred Tax,52000000.0,-229000000.0,-293000000.0,-79000000.0,-67000000.0,PYPL,,,,,
Deferred Income Tax,52000000.0,-229000000.0,-293000000.0,-79000000.0,-67000000.0,PYPL,,,,,
Depreciation Amortization Depletion,265000000.0,263000000.0,270000000.0,269000000.0,270000000.0,PYPL,,,,,
Depreciation And Amortization,265000000.0,263000000.0,270000000.0,269000000.0,270000000.0,PYPL,,,,,
Operating Gains Losses,49000000.0,-352000000.0,-24000000.0,-133000000.0,-48000000.0,PYPL,,,,,
Gain Loss On Investment Securities,49000000.0,4000000.0,-24000000.0,-133000000.0,-48000000.0,PYPL,,,,,
Net Income From Continuing Operations,888000000.0,1402000000.0,1020000000.0,1029000000.0,795000000.0,PYPL,,,,,
Free Cash Flow,20694000000.0,37503000000.0,19435000000.0,24287000000.0,25644000000.0,AAPL,,,,,
Repurchase Of Capital Stock,-23205000000.0,-20139000000.0,-21003000000.0,-17478000000.0,-19594000000.0,AAPL,,,,,
Repayment Of Debt,-3148000000.0,-3984000000.0,0.0,460000000.0,-1996000000.0,AAPL,,,,,
Issuance Of Debt,,,0.0,,,AAPL,,,,,
Capital Expenditure,-1996000000.0,-2392000000.0,-2163000000.0,-2093000000.0,-2916000000.0,AAPL,,,,,
Interest Paid Supplemental Data,,,1213000000.0,717000000.0,1170000000.0,AAPL,,,,,
Income Tax Paid Supplemental Data,7276000000.0,7255000000.0,11659000000.0,2126000000.0,4066000000.0,AAPL,,,,,
End Cash Position,33921000000.0,41974000000.0,30737000000.0,29898000000.0,27129000000.0,AAPL,,,,,
Beginning Cash Position,41974000000.0,30737000000.0,29898000000.0,27129000000.0,21974000000.0,AAPL,,,,,
Changes In Cash,-8053000000.0,11237000000.0,839000000.0,2769000000.0,5155000000.0,AAPL,,,,,
Financing Cash Flow,-30433000000.0,-30585000000.0,-23153000000.0,-24048000000.0,-25724000000.0,AAPL,,,,,
Cash Flow From Continuing Financing Activities,-30433000000.0,-30585000000.0,-23153000000.0,-24048000000.0,-25724000000.0,AAPL,,,,,
Net Other Financing Charges,-370000000.0,-2637000000.0,-385000000.0,-2438000000.0,-484000000.0,AAPL,,,,,
Cash Dividends Paid,-3710000000.0,-3825000000.0,-3758000000.0,-3849000000.0,-3650000000.0,AAPL,,,,,
Common Stock Dividend Paid,-3710000000.0,-3825000000.0,-3758000000.0,-3849000000.0,-3650000000.0,AAPL,,,,,
Net Common Stock Issuance,-23205000000.0,-20139000000.0,-21003000000.0,-17478000000.0,-19594000000.0,AAPL,,,,,
Common Stock Payments,-23205000000.0,-20139000000.0,-21003000000.0,-17478000000.0,-19594000000.0,AAPL,,,,,
Net Issuance Payments Of Debt,-3148000000.0,-3984000000.0,1993000000.0,-283000000.0,-1996000000.0,AAPL,,,,,
Net Short Term Debt Issuance,2000000.0,-3984000000.0,1993000000.0,1989000000.0,254000000.0,AAPL,,,,,
Short Term Debt Payments,2000000.0,-3984000000.0,,,254000000.0,AAPL,,,,,
Net Long Term Debt Issuance,-3150000000.0,0.0,0.0,-2272000000.0,-2250000000.0,AAPL,,,,,
Long Term Debt Payments,-3150000000.0,0.0,0.0,-7500000000.0,-2250000000.0,AAPL,,,,,
Long Term Debt Issuance,,,0.0,,,AAPL,,,,,
Investing Cash Flow,-310000000.0,1927000000.0,2394000000.0,437000000.0,2319000000.0,AAPL,,,,,
Cash Flow From Continuing Investing Activities,-310000000.0,1927000000.0,2394000000.0,437000000.0,2319000000.0,AAPL,,,,,
Net Other Investing Changes,-445000000.0,-284000000.0,-584000000.0,-506000000.0,-106000000.0,AAPL,,,,,
Net Investment Purchase And Sale,2131000000.0,4603000000.0,5141000000.0,3036000000.0,5341000000.0,AAPL,,,,,
Sale Of Investment,17393000000.0,14383000000.0,13698000000.0,12795000000.0,11385000000.0,AAPL,,,,,
Purchase Of Investment,-15262000000.0,-9780000000.0,-8557000000.0,-9759000000.0,-6044000000.0,AAPL,,,,,
Net PPE Purchase And Sale,-1996000000.0,-2392000000.0,-2163000000.0,-2093000000.0,-2916000000.0,AAPL,,,,,
Purchase Of PPE,-1996000000.0,-2392000000.0,-2163000000.0,-2093000000.0,-2916000000.0,AAPL,,,,,
Operating Cash Flow,22690000000.0,39895000000.0,21598000000.0,26380000000.0,28560000000.0,AAPL,,,,,
Cash Flow From Continuing Operating Activities,22690000000.0,39895000000.0,21598000000.0,26380000000.0,28560000000.0,AAPL,,,,,
Change In Working Capital,-5764000000.0,1123000000.0,-6060000000.0,749000000.0,231000000.0,AAPL,,,,,
Change In Other Current Liabilities,428000000.0,-3865000000.0,45000000.0,1229000000.0,-2132000000.0,AAPL,,,,,
Change In Other Current Assets,-2981000000.0,-1457000000.0,-821000000.0,-771000000.0,7000000.0,AAPL,,,,,
Change In Payables And Accrued Expense,-12168000000.0,-4542000000.0,14901000000.0,3974000000.0,-14689000000.0,AAPL,,,,,
Change In Payable,-12168000000.0,-4542000000.0,14901000000.0,3974000000.0,-14689000000.0,AAPL,,,,,
Change In Account Payable,-12168000000.0,-4542000000.0,14901000000.0,3974000000.0,-14689000000.0,AAPL,,,,,
Change In Inventory,190000000.0,-137000000.0,952000000.0,-22000000.0,-741000000.0,AAPL,,,,,
Change In Receivables,8767000000.0,11124000000.0,-21137000000.0,-3661000000.0,17786000000.0,AAPL,,,,,
Changes In Account Receivables,1172000000.0,6555000000.0,-9297000000.0,-1987000000.0,5321000000.0,AAPL,,,,,
Other Non Cash Items,-982000000.0,-989000000.0,-576000000.0,81000000.0,-1415000000.0,AAPL,,,,,
Stock Based Compensation,2964000000.0,2997000000.0,2625000000.0,2617000000.0,2686000000.0,AAPL,,,,,
Depreciation Amortization Depletion,2836000000.0,2848000000.0,2653000000.0,3052000000.0,2898000000.0,AAPL,,,,,
Depreciation And Amortization,2836000000.0,2848000000.0,2653000000.0,3052000000.0,2898000000.0,AAPL,,,,,
Net Income From Continuing Operations,23636000000.0,33916000000.0,22956000000.0,19881000000.0,24160000000.0,AAPL,,,,,
Free Cash Flow,-709000000.0,197000000.0,2379000000.0,3086000000.0,1020000000.0,F,,,,,
Repurchase Of Capital Stock,0.0,-335000000.0,0.0,0.0,0.0,F,,,,,
Repayment Of Debt,-14225000000.0,-10146000000.0,-9606000000.0,-9971000000.0,-12242000000.0,F,,,,,
Issuance Of Debt,16488000000.0,15077000000.0,10181000000.0,12489000000.0,13912000000.0,F,,,,,
Capital Expenditure,-2094000000.0,-2295000000.0,-2212000000.0,-1949000000.0,-1780000000.0,F,,,,,
End Cash Position,19986000000.0,25110000000.0,26634000000.0,26623000000.0,22359000000.0,F,,,,,
Beginning Cash Position,25110000000.0,26634000000.0,26623000000.0,22359000000.0,25340000000.0,F,,,,,
Effect Of Exchange Rate Changes,-171000000.0,10000000.0,-180000000.0,-4000000.0,70000000.0,F,,,,,
Changes In Cash,-4953000000.0,-1534000000.0,191000000.0,4268000000.0,-3051000000.0,F,,,,,
Financing Cash Flow,-458000000.0,3383000000.0,-338000000.0,3413000000.0,-3874000000.0,F,,,,,
Cash Flow From Continuing Financing Activities,-458000000.0,3383000000.0,-338000000.0,3413000000.0,-3874000000.0,F,,,,,
Net Other Financing Charges,-194000000.0,-15000000.0,-29000000.0,-57000000.0,-140000000.0,F,,,,,
Cash Dividends Paid,-1326000000.0,-601000000.0,-600000000.0,-601000000.0,-3193000000.0,F,,,,,
Common Stock Dividend Paid,-1326000000.0,,,-601000000.0,-3193000000.0,F,,,,,
Net Common Stock Issuance,0.0,-335000000.0,0.0,0.0,0.0,F,,,,,
Common Stock Payments,0.0,-335000000.0,0.0,0.0,0.0,F,,,,,
Net Issuance Payments Of Debt,1062000000.0,4334000000.0,291000000.0,4071000000.0,-541000000.0,F,,,,,
Net Short Term Debt Issuance,-1201000000.0,-597000000.0,-284000000.0,1553000000.0,-2211000000.0,F,,,,,
Net Long Term Debt Issuance,2263000000.0,4931000000.0,575000000.0,2518000000.0,1670000000.0,F,,,,,
Long Term Debt Payments,-14225000000.0,-10146000000.0,-9606000000.0,-9971000000.0,-12242000000.0,F,,,,,
Long Term Debt Issuance,16488000000.0,15077000000.0,10181000000.0,12489000000.0,13912000000.0,F,,,,,
Investing Cash Flow,-5880000000.0,-7409000000.0,-4062000000.0,-4180000000.0,-1977000000.0,F,,,,,
Cash Flow From Continuing Investing Activities,-5880000000.0,-7409000000.0,-4062000000.0,-4180000000.0,-1977000000.0,F,,,,,
Net Other Investing Changes,-3557000000.0,-3690000000.0,-2868000000.0,-2748000000.0,-1325000000.0,F,,,,,
Net Investment Purchase And Sale,410000000.0,-306000000.0,1586000000.0,865000000.0,1827000000.0,F,,,,,
Sale Of Investment,3579000000.0,2316000000.0,2800000000.0,3171000000.0,4413000000.0,F,,,,,
Purchase Of Investment,-3169000000.0,-2622000000.0,-1214000000.0,-2306000000.0,-2586000000.0,F,,,,,
Net Business Purchase And Sale,-639000000.0,-1118000000.0,-568000000.0,-348000000.0,-699000000.0,F,,,,,
Sale Of Business,,0.0,,,,F,,,,,
Purchase Of Business,-639000000.0,-1118000000.0,-568000000.0,-348000000.0,-699000000.0,F,,,,,
Capital Expenditure Reported,-2094000000.0,-2295000000.0,-2212000000.0,-1949000000.0,-1780000000.0,F,,,,,
Operating Cash Flow,1385000000.0,2492000000.0,4591000000.0,5035000000.0,2800000000.0,F,,,,,
Cash Flow From Continuing Operating Activities,1385000000.0,2492000000.0,4591000000.0,5035000000.0,2800000000.0,F,,,,,
Dividend Received Cfo,-154000000.0,38000000.0,-213000000.0,149000000.0,-7000000.0,F,,,,,
Dividend Paid Cfo,-154000000.0,38000000.0,,,-7000000.0,F,,,,,
Change In Working Capital,-1748000000.0,396000000.0,1253000000.0,546000000.0,-1032000000.0,F,,,,,
Change In Payables And Accrued Expense,3333000000.0,634000000.0,3061000000.0,3811000000.0,2323000000.0,F,,,,,
Change In Inventory,-3154000000.0,3010000000.0,-875000000.0,-1387000000.0,-1967000000.0,F,,,,,
Change In Receivables,-1927000000.0,-3248000000.0,-933000000.0,-1878000000.0,-1388000000.0,F,,,,,
Changes In Account Receivables,-1927000000.0,-3248000000.0,-933000000.0,-1878000000.0,-1388000000.0,F,,,,,
Other Non Cash Items,41000000.0,369000000.0,139000000.0,74000000.0,91000000.0,F,,,,,
Stock Based Compensation,126000000.0,110000000.0,112000000.0,138000000.0,100000000.0,F,,,,,
Provisionand Write Offof Assets,126000000.0,89000000.0,137000000.0,129000000.0,83000000.0,F,,,,,
Deferred Tax,-28000000.0,-1604000000.0,-48000000.0,-14000000.0,17000000.0,F,,,,,
Deferred Income Tax,-28000000.0,-1604000000.0,-48000000.0,-14000000.0,17000000.0,F,,,,,
Depreciation Amortization Depletion,1505000000.0,1698000000.0,1604000000.0,1596000000.0,1625000000.0,F,,,,,
Depreciation And Amortization,1505000000.0,1698000000.0,1604000000.0,1596000000.0,1625000000.0,F,,,,,
Amortization Cash Flow,-376000000.0,-314000000.0,-299000000.0,-282000000.0,-272000000.0,F,,,,,
Amortization Of Intangibles,-376000000.0,-314000000.0,-299000000.0,-282000000.0,-272000000.0,F,,,,,
Depreciation,1881000000.0,2012000000.0,1903000000.0,1878000000.0,1897000000.0,F,,,,,
Operating Gains Losses,183000000.0,1919000000.0,434000000.0,401000000.0,260000000.0,F,,,,,
Pension And Employee Benefit Expense,166000000.0,2026000000.0,414000000.0,309000000.0,303000000.0,F,,,,,
Earnings Losses From Equity Investments,,10000000.0,-2000000.0,-13000000.0,-4000000.0,F,,,,,
Gain Loss On Investment Securities,29000000.0,18000000.0,24000000.0,112000000.0,51000000.0,F,,,,,
Net Foreign Currency Exchange Gain Loss,-12000000.0,-135000000.0,-2000000.0,-3000000.0,-94000000.0,F,,,,,
Net Income From Continuing Operations,1334000000.0,-523000000.0,1173000000.0,2016000000.0,1663000000.0,F,,,,,
Free Cash Flow,1215000000.0,-1057000000.0,-193000000.0,1156000000.0,1235000000.0,DAL,,,,,
Repayment Of Debt,-712000000.0,-361000000.0,-724000000.0,-1820000000.0,-1166000000.0,DAL,,,,,
Capital Expenditure,-1193000000.0,-1602000000.0,-1269000000.0,-1452000000.0,-1000000000.0,DAL,,,,,
End Cash Position,4379000000.0,3395000000.0,2969000000.0,2824000000.0,3429000000.0,DAL,,,,,
Beginning Cash Position,3395000000.0,2969000000.0,2824000000.0,3429000000.0,3473000000.0,DAL,,,,,
Changes In Cash,984000000.0,426000000.0,145000000.0,-605000000.0,-44000000.0,DAL,,,,,
Financing Cash Flow,-787000000.0,416000000.0,-800000000.0,-1831000000.0,-1179000000.0,DAL,,,,,
Cash Flow From Continuing Financing Activities,-787000000.0,416000000.0,-800000000.0,-1831000000.0,-1179000000.0,DAL,,,,,
Net Other Financing Charges,-11000000.0,841000000.0,-12000000.0,-11000000.0,-13000000.0,DAL,,,,,
Cash Dividends Paid,-64000000.0,-64000000.0,,,0.0,DAL,,,,,
Net Issuance Payments Of Debt,-712000000.0,-361000000.0,-724000000.0,-1820000000.0,-1166000000.0,DAL,,,,,
Net Long Term Debt Issuance,-712000000.0,-361000000.0,-724000000.0,-1820000000.0,-1166000000.0,DAL,,,,,
Long Term Debt Payments,-712000000.0,-361000000.0,-724000000.0,-1820000000.0,-1166000000.0,DAL,,,,,
Investing Cash Flow,-637000000.0,-535000000.0,-131000000.0,-1382000000.0,-1100000000.0,DAL,,,,,
Cash Flow From Continuing Investing Activities,-637000000.0,-535000000.0,-131000000.0,-1382000000.0,-1100000000.0,DAL,,,,,
Net Other Investing Changes,10000000.0,8000000.0,64000000.0,18000000.0,2000000.0,DAL,,,,,
Net Investment Purchase And Sale,546000000.0,1059000000.0,1226000000.0,52000000.0,-102000000.0,DAL,,,,,
Sale Of Investment,546000000.0,1059000000.0,1527000000.0,1064000000.0,897000000.0,DAL,,,,,
Purchase Of Investment,0.0,0.0,-301000000.0,-1012000000.0,-999000000.0,DAL,,,,,
Net Business Purchase And Sale,,0.0,-152000000.0,0.0,0.0,DAL,,,,,
Purchase Of Business,,0.0,-152000000.0,0.0,0.0,DAL,,,,,
Net PPE Purchase And Sale,-1193000000.0,-1602000000.0,-1269000000.0,-1452000000.0,-1000000000.0,DAL,,,,,
Purchase Of PPE,-1193000000.0,-1602000000.0,-1269000000.0,-1452000000.0,-1000000000.0,DAL,,,,,
Operating Cash Flow,2408000000.0,545000000.0,1076000000.0,2608000000.0,2235000000.0,DAL,,,,,
Free Cash Flow,215711000.0,263778000.0,435276000.0,717882000.0,687625000.0,PHM,,,,,
Repurchase Of Capital Stock,-263436000.0,-301582000.0,-300020000.0,-250330000.0,-160059000.0,PHM,,,,,
Repayment Of Debt,-11140000.0,37674000.0,40385000.0,-283933000.0,-4500000.0,PHM,,,,,
Issuance Of Debt,,0.0,0.0,,,PHM,,,,,
Capital Expenditure,-24076000.0,-24640000.0,-22485000.0,-21333000.0,-23743000.0,PHM,,,,,
Interest Paid Supplemental Data,7251000.0,,,-3448000.0,6205000.0,PHM,,,,,
Income Tax Paid Supplemental Data,1015000.0,,,380318000.0,209000.0,PHM,,,,,
End Cash Position,1766089000.0,1849177000.0,1899561000.0,1777780000.0,1326854000.0,PHM,,,,,
Beginning Cash Position,1849177000.0,1899561000.0,1777780000.0,1326854000.0,1094553000.0,PHM,,,,,
Changes In Cash,-83088000.0,-50384000.0,121781000.0,450926000.0,232301000.0,PHM,,,,,
Financing Cash Flow,-295986000.0,-304738000.0,-294945000.0,-258507000.0,-454853000.0,PHM,,,,,
Cash Flow From Continuing Financing Activities,-295986000.0,-304738000.0,-294945000.0,-258507000.0,-454853000.0,PHM,,,,,
Net Other Financing Charges,-13434000.0,-6047000.0,51000.0,49427000.0,8350000.0,PHM,,,,,
Cash Dividends Paid,-42684000.0,-34783000.0,-35361000.0,-35935000.0,-36380000.0,PHM,,,,,
Common Stock Dividend Paid,-42684000.0,-34783000.0,,,-36380000.0,PHM,,,,,
Net Common Stock Issuance,-263436000.0,-301582000.0,-300020000.0,-250330000.0,-160059000.0,PHM,,,,,
Common Stock Payments,-263436000.0,-301582000.0,-300020000.0,-250330000.0,-160059000.0,PHM,,,,,
Net Issuance Payments Of Debt,23568000.0,37674000.0,40385000.0,-21669000.0,-266764000.0,PHM,,,,,
Net Short Term Debt Issuance,34708000.0,,,,-262264000.0,PHM,,,,,
Net Long Term Debt Issuance,-11140000.0,37674000.0,40385000.0,-283933000.0,-4500000.0,PHM,,,,,
Long Term Debt Payments,-11140000.0,37674000.0,40385000.0,-283933000.0,-4500000.0,PHM,,,,,
Investing Cash Flow,-26889000.0,-34064000.0,-41035000.0,-29782000.0,-24214000.0,PHM,,,,,
Cash Flow From Continuing Investing Activities,-26889000.0,-34064000.0,-41035000.0,-29782000.0,-24214000.0,PHM,,,,,
Net Other Investing Changes,-2256000.0,-5029000.0,-8449000.0,-1708000.0,-1570000.0,PHM,,,,,
Dividends Received Cfi,3398000.0,949000.0,100000.0,0.0,2216000.0,PHM,,,,,
Net Business Purchase And Sale,-3955000.0,-5344000.0,-10201000.0,-6741000.0,-1117000.0,PHM,,,,,
Purchase Of Business,-3955000.0,-5344000.0,-10201000.0,-6741000.0,-1117000.0,PHM,,,,,
Capital Expenditure Reported,-24076000.0,-24640000.0,-22485000.0,-21333000.0,-23743000.0,PHM,,,,,
Operating Cash Flow,239787000.0,288418000.0,457761000.0,739215000.0,711368000.0,PHM,,,,,
Cash Flow From Continuing Operating Activities,239787000.0,288418000.0,457761000.0,739215000.0,711368000.0,PHM,,,,,
Dividend Received Cfo,1256000.0,,0.0,1055000.0,3509000.0,PHM,,,,,
Change In Working Capital,-465222000.0,-450676000.0,-256290000.0,-86232000.0,112601000.0,PHM,,,,,
Change In Other Current Assets,-108132000.0,-148500000.0,-135529000.0,-31655000.0,25053000.0,PHM,,,,,
Change In Payables And Accrued Expense,-13069000.0,-19834000.0,86496000.0,-180142000.0,-83404000.0,PHM,,,,,
Change In Payable,-13069000.0,,86496000.0,-180142000.0,-83404000.0,PHM,,,,,
Change In Account Payable,-13069000.0,,86496000.0,-180142000.0,-83404000.0,PHM,,,,,
Change In Inventory,-289247000.0,-180639000.0,-225378000.0,137409000.0,-85408000.0,PHM,,,,,
Change In Receivables,-54774000.0,-101703000.0,18121000.0,-11844000.0,256360000.0,PHM,,,,,
Other Non Cash Items,3605000.0,25880000.0,6528000.0,4216000.0,5733000.0,PHM,,,,,
Stock Based Compensation,16585000.0,9799000.0,10441000.0,15472000.0,12488000.0,PHM,,,,,
Deferred Tax,37428000.0,-28123000.0,39000000.0,65237000.0,28152000.0,PHM,,,,,
Deferred Income Tax,37428000.0,-28123000.0,39000000.0,65237000.0,28152000.0,PHM,,,,,
Depreciation Amortization Depletion,21061000.0,21059000.0,20561000.0,20065000.0,19139000.0,PHM,,,,,
Depreciation And Amortization,21061000.0,21059000.0,20561000.0,20065000.0,19139000.0,PHM,,,,,
Operating Gains Losses,-37902000.0,4050000.0,-1254000.0,-943000.0,-2513000.0,PHM,,,,,
Earnings Losses From Equity Investments,-37902000.0,4351000.0,-892000.0,-943000.0,-2513000.0,PHM,,,,,
Gain Loss On Investment Securities,,,,1055000.0,3509000.0,PHM,,,,,
Net Income From Continuing Operations,662976000.0,710993000.0,638775000.0,720345000.0,532259000.0,PHM,,,,,
Free Cash Flow,,36306792000.0,32537857000.0,23395981000.0,1338022000.0,PDD,,,,,
End Cash Position,,121779905000.0,111353259000.0,83434459000.0,70670000000.0,PDD,,,,,
Beginning Cash Position,,111353259000.0,83434459000.0,70670000000.0,92300417000.0,PDD,,,,,
Effect Of Exchange Rate Changes,,-1025057000.0,201058000.0,881105000.0,-348245000.0,PDD,,,,,
Changes In Cash,,11451703000.0,27717742000.0,11883354000.0,-21282172000.0,PDD,,,,,
Financing Cash Flow,,-8968297000.0,385000.0,7233000.0,53000.0,PDD,,,,,
Investing Cash Flow,,-16470671000.0,-4820500000.0,-11519860000.0,-22620247000.0,PDD,,,,,
Operating Cash Flow,,36890671000.0,32537857000.0,23395981000.0,1338022000.0,PDD,,,,,
Free Cash Flow,-3067000000.0,-3442000000.0,602000000.0,1659000000.0,-2499000000.0,GM,,,,,
Repurchase Of Capital Stock,-280000000.0,-9996000000.0,-250000000.0,-500000000.0,-369000000.0,GM,,,,,
Repayment Of Debt,-13140000000.0,-11406000000.0,-9457000000.0,-11685000000.0,-12127000000.0,GM,,,,,
Issuance Of Debt,14307000000.0,13606000000.0,11122000000.0,14748000000.0,11487000000.0,GM,,,,,
Capital Expenditure,-6219000000.0,-7099000000.0,-5994000000.0,-5932000000.0,-5585000000.0,GM,,,,,
End Cash Position,21378000000.0,21917000000.0,28978000000.0,26753000000.0,21141000000.0,GM,,,,,
Beginning Cash Position,21917000000.0,28978000000.0,26753000000.0,21141000000.0,21948000000.0,GM,,,,,
Effect Of Exchange Rate Changes,-78000000.0,23000000.0,-77000000.0,54000000.0,54000000.0,GM,,,,,
Changes In Cash,-461000000.0,-7084000000.0,2302000000.0,5558000000.0,-861000000.0,GM,,,,,
Financing Cash Flow,300000000.0,-8179000000.0,983000000.0,2528000000.0,-1685000000.0,GM,,,,,
Cash Flow From Continuing Financing Activities,300000000.0,-8180000000.0,983000000.0,2528000000.0,-1685000000.0,GM,,,,,
Net Other Financing Charges,-140000000.0,-171000000.0,-132000000.0,-146000000.0,-324000000.0,GM,,,,,
Cash Dividends Paid,-198000000.0,-104000000.0,-182000000.0,-126000000.0,-185000000.0,GM,,,,,
Common Stock Dividend Paid,-198000000.0,-104000000.0,-182000000.0,-126000000.0,-185000000.0,GM,,,,,
Net Preferred Stock Issuance,,,,,0.0,GM,,,,,
Net Common Stock Issuance,-280000000.0,-9996000000.0,-250000000.0,-500000000.0,-369000000.0,GM,,,,,
Common Stock Payments,-280000000.0,-9996000000.0,-250000000.0,-500000000.0,-369000000.0,GM,,,,,
Net Issuance Payments Of Debt,918000000.0,2092000000.0,1547000000.0,3300000000.0,-807000000.0,GM,,,,,
Net Short Term Debt Issuance,-249000000.0,-108000000.0,-118000000.0,237000000.0,-167000000.0,GM,,,,,
Net Long Term Debt Issuance,1167000000.0,2200000000.0,1665000000.0,3063000000.0,-640000000.0,GM,,,,,
Long Term Debt Payments,-13140000000.0,-11406000000.0,-9457000000.0,-11685000000.0,-12127000000.0,GM,,,,,
Long Term Debt Issuance,14307000000.0,13606000000.0,11122000000.0,14748000000.0,11487000000.0,GM,,,,,
Investing Cash Flow,-3914000000.0,-2563000000.0,-5276000000.0,-4562000000.0,-2262000000.0,GM,,,,,
Cash Flow From Continuing Investing Activities,-3914000000.0,-2562000000.0,-5276000000.0,-4564000000.0,-2261000000.0,GM,,,,,
Net Other Investing Changes,-530000000.0,-867000000.0,-2478000000.0,-2412000000.0,-2245000000.0,GM,,,,,
Net Investment Purchase And Sale,-250000000.0,2230000000.0,9000000.0,373000000.0,2304000000.0,GM,,,,,
Sale Of Investment,745000000.0,2670000000.0,1271000000.0,2457000000.0,2947000000.0,GM,,,,,
Purchase Of Investment,-995000000.0,-440000000.0,-1262000000.0,-2084000000.0,-643000000.0,GM,,,,,
Net PPE Purchase And Sale,-351000000.0,-220000000.0,-226000000.0,-271000000.0,110000000.0,GM,,,,,
Sale Of PPE,3085000000.0,3173000000.0,3187000000.0,3409000000.0,3264000000.0,GM,,,,,
Purchase Of PPE,-3436000000.0,-3393000000.0,-3413000000.0,-3680000000.0,-3154000000.0,GM,,,,,
Capital Expenditure Reported,-2783000000.0,-3706000000.0,-2581000000.0,-2252000000.0,-2431000000.0,GM,,,,,
Operating Cash Flow,3152000000.0,3657000000.0,6596000000.0,7591000000.0,3086000000.0,GM,,,,,
Cash Flow From Continuing Operating Activities,3153000000.0,3657000000.0,6596000000.0,7591000000.0,3086000000.0,GM,,,,,
Change In Working Capital,-3022000000.0,708000000.0,836000000.0,2214000000.0,-1936000000.0,GM,,,,,
Other Non Cash Items,-243000000.0,-1587000000.0,-218000000.0,-222000000.0,-236000000.0,GM,,,,,
Deferred Tax,655000000.0,-1276000000.0,277000000.0,-88000000.0,46000000.0,GM,,,,,
Deferred Income Tax,655000000.0,-1276000000.0,277000000.0,-88000000.0,46000000.0,GM,,,,,
Depreciation Amortization Depletion,2798000000.0,3150000000.0,2992000000.0,2934000000.0,2812000000.0,GM,,,,,
Depreciation And Amortization,2798000000.0,3150000000.0,2992000000.0,2934000000.0,2812000000.0,GM,,,,,
Depreciation,2798000000.0,3150000000.0,2992000000.0,2934000000.0,2812000000.0,GM,,,,,
Operating Gains Losses,11000000.0,668000000.0,-284000000.0,246000000.0,54000000.0,GM,,,,,
Pension And Employee Benefit Expense,15000000.0,154000000.0,-23000000.0,-21000000.0,-20000000.0,GM,,,,,
Earnings Losses From Equity Investments,32000000.0,279000000.0,-227000000.0,254000000.0,-61000000.0,GM,,,,,
Net Foreign Currency Exchange Gain Loss,-36000000.0,235000000.0,-34000000.0,13000000.0,135000000.0,GM,,,,,
Net Income From Continuing Operations,2953000000.0,1994000000.0,2993000000.0,2507000000.0,2346000000.0,GM,,,,,
Free Cash Flow,1356000000.0,-2194000000.0,-451000000.0,1024000000.0,2828000000.0,AAL,,,,,
Repayment Of Debt,-873000000.0,-3094000000.0,-1378000000.0,-920000000.0,-2326000000.0,AAL,,,,,
Issuance Of Debt,248000000.0,2498000000.0,181000000.0,319000000.0,1824000000.0,AAL,,,,,
Capital Expenditure,-824000000.0,-843000000.0,-509000000.0,-739000000.0,-505000000.0,AAL,,,,,
Interest Paid Supplemental Data,557000000.0,,684000000.0,381000000.0,646000000.0,AAL,,,,,
Income Tax Paid Supplemental Data,5000000.0,,1000000.0,2000000.0,1000000.0,AAL,,,,,
End Cash Position,703000000.0,681000000.0,687000000.0,779000000.0,584000000.0,AAL,,,,,
Beginning Cash Position,681000000.0,687000000.0,779000000.0,584000000.0,586000000.0,AAL,,,,,
Changes In Cash,22000000.0,-6000000.0,-92000000.0,195000000.0,-2000000.0,AAL,,,,,
Financing Cash Flow,-642000000.0,-814000000.0,-1234000000.0,-619000000.0,-539000000.0,AAL,,,,,
Cash Flow From Continuing Financing Activities,-642000000.0,-814000000.0,-1234000000.0,-619000000.0,-539000000.0,AAL,,,,,
Net Other Financing Charges,-17000000.0,-218000000.0,-37000000.0,-18000000.0,-37000000.0,AAL,,,,,
Net Issuance Payments Of Debt,-625000000.0,-596000000.0,-1197000000.0,-601000000.0,-502000000.0,AAL,,,,,
Net Long Term Debt Issuance,-625000000.0,-596000000.0,-1197000000.0,-601000000.0,-502000000.0,AAL,,,,,
Long Term Debt Payments,-873000000.0,-3094000000.0,-1378000000.0,-920000000.0,-2326000000.0,AAL,,,,,
Long Term Debt Issuance,248000000.0,2498000000.0,181000000.0,319000000.0,1824000000.0,AAL,,,,,
Investing Cash Flow,-1516000000.0,2159000000.0,1084000000.0,-949000000.0,-2796000000.0,AAL,,,,,
Cash Flow From Continuing Investing Activities,-1516000000.0,2159000000.0,1084000000.0,-949000000.0,-2796000000.0,AAL,,,,,
Net Other Investing Changes,10000000.0,-13000000.0,92000000.0,73000000.0,174000000.0,AAL,,,,,
Net Investment Purchase And Sale,-702000000.0,3004000000.0,1465000000.0,-466000000.0,-2465000000.0,AAL,,,,,
Sale Of Investment,2585000000.0,2004000000.0,2201000000.0,1990000000.0,2666000000.0,AAL,,,,,
Purchase Of Investment,-3287000000.0,1000000000.0,-736000000.0,-2456000000.0,-5131000000.0,AAL,,,,,
Net Business Purchase And Sale,,0.0,0.0,,,AAL,,,,,
Purchase Of Business,,0.0,0.0,,,AAL,,,,,
Net PPE Purchase And Sale,,11000000.0,36000000.0,,,AAL,,,,,
Sale Of PPE,,11000000.0,36000000.0,,,AAL,,,,,
Capital Expenditure Reported,-824000000.0,-843000000.0,-509000000.0,-739000000.0,-505000000.0,AAL,,,,,
Operating Cash Flow,2180000000.0,-1351000000.0,58000000.0,1763000000.0,3333000000.0,AAL,,,,,
Free Cash Flow,-696000000.0,-293000000.0,-234000000.0,483000000.0,-346000000.0,LUV,,,,,
Repayment Of Debt,-8000000.0,-7000000.0,-11000000.0,-8000000.0,-59000000.0,LUV,,,,,
Capital Expenditure,-592000000.0,-718000000.0,-850000000.0,-933000000.0,-1052000000.0,LUV,,,,,
Interest Paid Supplemental Data,18000000.0,94000000.0,19000000.0,96000000.0,19000000.0,LUV,,,,,
Income Tax Paid Supplemental Data,3000000.0,9000000.0,1000000.0,6000000.0,2000000.0,LUV,,,,,
End Cash Position,8367000000.0,9288000000.0,9497000000.0,9158000000.0,8359000000.0,LUV,,,,,
Beginning Cash Position,9288000000.0,9497000000.0,9158000000.0,8359000000.0,9492000000.0,LUV,,,,,
Changes In Cash,-921000000.0,-209000000.0,339000000.0,799000000.0,-1133000000.0,LUV,,,,,
Financing Cash Flow,-232000000.0,30000000.0,-213000000.0,10000000.0,-262000000.0,LUV,,,,,
Cash Flow From Continuing Financing Activities,-232000000.0,30000000.0,-213000000.0,10000000.0,-262000000.0,LUV,,,,,
Net Other Financing Charges,-24000000.0,25000000.0,-1000000.0,4000000.0,2000000.0,LUV,,,,,
Proceeds From Stock Option Exercised,15000000.0,12000000.0,13000000.0,14000000.0,9000000.0,LUV,,,,,
Cash Dividends Paid,-215000000.0,0.0,-214000000.0,0.0,-214000000.0,LUV,,,,,
Common Stock Dividend Paid,-215000000.0,0.0,-214000000.0,0.0,-214000000.0,LUV,,,,,
Net Issuance Payments Of Debt,-8000000.0,-7000000.0,-11000000.0,-8000000.0,-59000000.0,LUV,,,,,
Net Long Term Debt Issuance,-8000000.0,-7000000.0,-11000000.0,-8000000.0,-59000000.0,LUV,,,,,
Long Term Debt Payments,-8000000.0,-7000000.0,-11000000.0,-8000000.0,-59000000.0,LUV,,,,,
Investing Cash Flow,-585000000.0,-664000000.0,-64000000.0,-627000000.0,-1577000000.0,LUV,,,,,
Cash Flow From Continuing Investing Activities,-585000000.0,-664000000.0,-64000000.0,-627000000.0,-1577000000.0,LUV,,,,,
Net Other Investing Changes,-35000000.0,,,,,LUV,,,,,
Net Investment Purchase And Sale,42000000.0,54000000.0,786000000.0,306000000.0,-525000000.0,LUV,,,,,
Sale Of Investment,1720000000.0,1677000000.0,2406000000.0,1828000000.0,1679000000.0,LUV,,,,,
Purchase Of Investment,-1678000000.0,-1623000000.0,-1620000000.0,-1522000000.0,-2204000000.0,LUV,,,,,
Net PPE Purchase And Sale,-9000000.0,-10000000.0,-8000000.0,-8000000.0,-6000000.0,LUV,,,,,
Purchase Of PPE,-9000000.0,-10000000.0,-8000000.0,-8000000.0,-6000000.0,LUV,,,,,
Capital Expenditure Reported,-583000000.0,-708000000.0,-842000000.0,-925000000.0,-1046000000.0,LUV,,,,,
Operating Cash Flow,-104000000.0,425000000.0,616000000.0,1416000000.0,706000000.0,LUV,,,,,
Cash Flow From Continuing Operating Activities,-104000000.0,425000000.0,616000000.0,1416000000.0,706000000.0,LUV,,,,,
Change In Working Capital,-175000000.0,365000000.0,-47000000.0,285000000.0,646000000.0,LUV,,,,,
Change In Other Working Capital,1115000000.0,-721000000.0,-59000000.0,-137000000.0,947000000.0,LUV,,,,,
Change In Other Current Liabilities,-71000000.0,43000000.0,-89000000.0,-44000000.0,-47000000.0,LUV,,,,,
Change In Other Current Assets,-14000000.0,-14000000.0,-35000000.0,58000000.0,50000000.0,LUV,,,,,
Change In Payables And Accrued Expense,-897000000.0,741000000.0,352000000.0,364000000.0,-72000000.0,LUV,,,,,
Change In Receivables,-308000000.0,316000000.0,-216000000.0,44000000.0,-232000000.0,LUV,,,,,
Other Non Cash Items,-39000000.0,-62000000.0,59000000.0,-134000000.0,-90000000.0,LUV,,,,,
Unrealized Gain Loss On Investment Securities,0.0,0.0,0.0,0.0,-4000000.0,LUV,,,,,
Asset Impairment Charge,,0.0,0.0,0.0,0.0,LUV,,,,,
Deferred Tax,-68000000.0,-55000000.0,57000000.0,209000000.0,-52000000.0,LUV,,,,,
Deferred Income Tax,-68000000.0,-55000000.0,57000000.0,209000000.0,-52000000.0,LUV,,,,,
Depreciation Amortization Depletion,408000000.0,415000000.0,375000000.0,367000000.0,365000000.0,LUV,,,,,
Depreciation And Amortization,408000000.0,415000000.0,375000000.0,367000000.0,365000000.0,LUV,,,,,
Operating Gains Losses,1000000.0,,-21000000.0,6000000.0,,LUV,,,,,
Gain Loss On Investment Securities,1000000.0,,-21000000.0,6000000.0,,LUV,,,,,
Net Income From Continuing Operations,-231000000.0,-252000000.0,193000000.0,683000000.0,-159000000.0,LUV,,,,,
Free Cash Flow,63422000.0,-791000.0,-72811000.0,-64726000.0,70918000.0,BATRA,,,,,
Repurchase Of Capital Stock,,,,,0.0,BATRA,,,,,
Repayment Of Debt,-4018000.0,-17190000.0,-20104000.0,-15000000.0,-3893000.0,BATRA,,,,,
Issuance Of Debt,13789000.0,30785000.0,36433000.0,15815000.0,0.0,BATRA,,,,,
Capital Expenditure,-27642000.0,-23723000.0,-15613000.0,-16053000.0,-13647000.0,BATRA,,,,,
End Cash Position,209017000.0,137717000.0,126529000.0,182570000.0,245543000.0,BATRA,,,,,
Beginning Cash Position,137717000.0,126529000.0,182570000.0,245543000.0,172813000.0,BATRA,,,,,
Effect Of Exchange Rate Changes,,,,,0.0,BATRA,,,,,
Changes In Cash,71300000.0,11188000.0,-56041000.0,-62973000.0,72730000.0,BATRA,,,,,
Financing Cash Flow,7831000.0,11979000.0,16895000.0,1753000.0,1702000.0,BATRA,,,,,
Cash Flow From Continuing Financing Activities,7831000.0,11979000.0,16895000.0,1753000.0,1702000.0,BATRA,,,,,
Net Other Financing Charges,-1940000.0,-1616000.0,566000.0,938000.0,5595000.0,BATRA,,,,,
Cash Dividends Paid,,,,,0.0,BATRA,,,,,
Net Common Stock Issuance,,,,,0.0,BATRA,,,,,
Common Stock Payments,,,,,0.0,BATRA,,,,,
Net Issuance Payments Of Debt,9771000.0,13595000.0,16329000.0,815000.0,-3893000.0,BATRA,,,,,
Net Long Term Debt Issuance,9771000.0,13595000.0,16329000.0,815000.0,-3893000.0,BATRA,,,,,
Long Term Debt Payments,-4018000.0,-17190000.0,-20104000.0,-15000000.0,-3893000.0,BATRA,,,,,
Long Term Debt Issuance,13789000.0,30785000.0,36433000.0,15815000.0,0.0,BATRA,,,,,
Investing Cash Flow,-27595000.0,-23723000.0,-15738000.0,-16053000.0,-13537000.0,BATRA,,,,,
Cash Flow From Continuing Investing Activities,-27595000.0,-23723000.0,-15738000.0,-16053000.0,-13537000.0,BATRA,,,,,
Net Other Investing Changes,47000.0,0.0,0.0,0.0,110000.0,BATRA,,,,,
Net Investment Purchase And Sale,,,,,0.0,BATRA,,,,,
Sale Of Investment,,,,,0.0,BATRA,,,,,
Net Business Purchase And Sale,,0.0,-125000.0,0.0,0.0,BATRA,,,,,
Sale Of Business,,,,,0.0,BATRA,,,,,
Purchase Of Business,,0.0,-125000.0,0.0,0.0,BATRA,,,,,
Capital Expenditure Reported,-27642000.0,-23723000.0,-15613000.0,-16053000.0,-13647000.0,BATRA,,,,,
Operating Cash Flow,91064000.0,22932000.0,-57198000.0,-48673000.0,84565000.0,BATRA,,,,,
Cash Flow From Continuing Operating Activities,91064000.0,22932000.0,-57198000.0,-48673000.0,84565000.0,BATRA,,,,,
Change In Working Capital,119895000.0,26240000.0,-91765000.0,-79902000.0,115705000.0,BATRA,,,,,
Change In Other Current Assets,11191000.0,24673000.0,-53137000.0,-34688000.0,20350000.0,BATRA,,,,,
Change In Payables And Accrued Expense,108704000.0,1567000.0,-38628000.0,-45214000.0,95355000.0,BATRA,,,,,
Change In Payable,108704000.0,1567000.0,-38628000.0,-45214000.0,95355000.0,BATRA,,,,,
Other Non Cash Items,-542000.0,-3638000.0,3907000.0,631000.0,318000.0,BATRA,,,,,
Stock Based Compensation,3719000.0,3568000.0,3309000.0,3153000.0,3191000.0,BATRA,,,,,
Unrealized Gain Loss On Investment Securities,,0.0,20392000.0,49786000.0,13000000.0,BATRA,,,,,
Asset Impairment Charge,,5104000.0,,,0.0,BATRA,,,,,
Deferred Tax,6772000.0,-1786000.0,928000.0,701000.0,-7715000.0,BATRA,,,,,
Deferred Income Tax,6772000.0,-1786000.0,928000.0,701000.0,-7715000.0,BATRA,,,,,
Depreciation Amortization Depletion,14882000.0,15765000.0,21286000.0,19250000.0,14679000.0,BATRA,,,,,
Depreciation And Amortization,14882000.0,15765000.0,21286000.0,19250000.0,14679000.0,BATRA,,,,,
Operating Gains Losses,-2390000.0,10037000.0,-9208000.0,-26379000.0,16363000.0,BATRA,,,,,
Earnings Losses From Equity Investments,-927000.0,6499000.0,-6600000.0,-5437000.0,1003000.0,BATRA,,,,,
Gain Loss On Investment Securities,-1463000.0,3329000.0,-2593000.0,-18439000.0,15360000.0,BATRA,,,,,
Net Income From Continuing Operations,-51272000.0,-32358000.0,-6047000.0,-28913000.0,-57976000.0,BATRA,,,,,
Free Cash Flow,2407000000.0,886000000.0,3428000000.0,1637000000.0,1987000000.0,DIS,,,,,
Repayment Of Debt,-336000000.0,-309000000.0,-356000000.0,-319000000.0,0.0,DIS,,,,,
Issuance Of Debt,133000000.0,0.0,13000000.0,0.0,3000000.0,DIS,,,,,
Capital Expenditure,-1259000000.0,-1299000000.0,-1374000000.0,-1165000000.0,-1249000000.0,DIS,,,,,
End Cash Position,6726000000.0,7247000000.0,14235000000.0,11513000000.0,10453000000.0,DIS,,,,,
Beginning Cash Position,7247000000.0,14235000000.0,11513000000.0,10453000000.0,8516000000.0,DIS,,,,,
Effect Of Exchange Rate Changes,-62000000.0,79000000.0,-101000000.0,-23000000.0,33000000.0,DIS,,,,,
Changes In Cash,-459000000.0,-7067000000.0,2823000000.0,1083000000.0,1904000000.0,DIS,,,,,
Financing Cash Flow,-2818000000.0,-8006000000.0,-597000000.0,-1001000000.0,-83000000.0,DIS,,,,,
Cash From Discontinued Financing Activities,,,0.0,0.0,0.0,DIS,,,,,
Cash Flow From Continuing Financing Activities,-2818000000.0,-8006000000.0,-597000000.0,-1001000000.0,-83000000.0,DIS,,,,,
Net Other Financing Charges,-61000000.0,-8743000000.0,-75000000.0,-8000000.0,-1000000.0,DIS,,,,,
Net Issuance Payments Of Debt,-1207000000.0,737000000.0,-574000000.0,-993000000.0,-82000000.0,DIS,,,,,
Net Short Term Debt Issuance,-1004000000.0,1046000000.0,-231000000.0,-674000000.0,-85000000.0,DIS,,,,,
Net Long Term Debt Issuance,-203000000.0,-309000000.0,-343000000.0,-319000000.0,3000000.0,DIS,,,,,
Long Term Debt Payments,-336000000.0,-309000000.0,-356000000.0,-319000000.0,0.0,DIS,,,,,
Long Term Debt Issuance,133000000.0,0.0,13000000.0,0.0,3000000.0,DIS,,,,,
Investing Cash Flow,-1307000000.0,-1246000000.0,-1382000000.0,-718000000.0,-1249000000.0,DIS,,,,,
Cash Flow From Continuing Investing Activities,-1307000000.0,-1246000000.0,-1382000000.0,-718000000.0,-1249000000.0,DIS,,,,,
Net Other Investing Changes,-48000000.0,53000000.0,-8000000.0,-11000000.0,0.0,DIS,,,,,
Net Investment Purchase And Sale,,,0.0,,,DIS,,,,,
Sale Of Investment,,,0.0,,,DIS,,,,,
Net PPE Purchase And Sale,-1259000000.0,-1299000000.0,-1374000000.0,-1165000000.0,-1249000000.0,DIS,,,,,
Purchase Of PPE,-1259000000.0,-1299000000.0,-1374000000.0,-1165000000.0,-1249000000.0,DIS,,,,,
Operating Cash Flow,3666000000.0,2185000000.0,4802000000.0,2802000000.0,3236000000.0,DIS,,,,,
Cash From Discontinued Operating Activities,,,0.0,0.0,0.0,DIS,,,,,
Cash Flow From Continuing Operating Activities,3666000000.0,2185000000.0,4802000000.0,2802000000.0,3236000000.0,DIS,,,,,
Dividend Received Cfo,147000000.0,153000000.0,189000000.0,168000000.0,187000000.0,DIS,,,,,
Change In Working Capital,842000000.0,-4016000000.0,1765000000.0,994000000.0,1694000000.0,DIS,,,,,
Change In Other Working Capital,-680000000.0,-1104000000.0,396000000.0,533000000.0,360000000.0,DIS,,,,,
Change In Other Current Assets,-215000000.0,30000000.0,-137000000.0,281000000.0,98000000.0,DIS,,,,,
Change In Payables And Accrued Expense,321000000.0,-1396000000.0,467000000.0,524000000.0,245000000.0,DIS,,,,,
Change In Payable,,-1396000000.0,,,245000000.0,DIS,,,,,
Change In Account Payable,,-1396000000.0,,,245000000.0,DIS,,,,,
Change In Inventory,18000000.0,8000000.0,-63000000.0,-13000000.0,-19000000.0,DIS,,,,,
Change In Receivables,1398000000.0,-1554000000.0,1102000000.0,-331000000.0,1010000000.0,DIS,,,,,
Other Non Cash Items,-885000000.0,2578000000.0,397000000.0,-883000000.0,-1539000000.0,DIS,,,,,
Stock Based Compensation,367000000.0,308000000.0,282000000.0,291000000.0,300000000.0,DIS,,,,,
Asset Impairment Charge,,,721000000.0,2266000000.0,,DIS,,,,,
Deferred Tax,-160000000.0,-51000000.0,-447000000.0,-853000000.0,-31000000.0,DIS,,,,,
Deferred Income Tax,-160000000.0,-51000000.0,-447000000.0,-853000000.0,-31000000.0,DIS,,,,,
Depreciation Amortization Depletion,1242000000.0,1243000000.0,1409000000.0,1344000000.0,1310000000.0,DIS,,,,,
Depreciation And Amortization,1242000000.0,1243000000.0,1409000000.0,1344000000.0,1310000000.0,DIS,,,,,
Amortization Cash Flow,,,2285000000.0,398000000.0,,DIS,,,,,
Amortization Of Intangibles,,,2285000000.0,398000000.0,,DIS,,,,,
Depreciation,,,-876000000.0,946000000.0,,DIS,,,,,
Operating Gains Losses,-141000000.0,-181000000.0,-208000000.0,-372000000.0,-173000000.0,DIS,,,,,
Pension And Employee Benefit Expense,,,1000000.0,1000000.0,1000000.0,DIS,,,,,
Earnings Losses From Equity Investments,-141000000.0,-181000000.0,-227000000.0,-191000000.0,-173000000.0,DIS,,,,,
Gain Loss On Investment Securities,,,18000000.0,-96000000.0,-156000000.0,DIS,,,,,
Net Income From Continuing Operations,216000000.0,2151000000.0,694000000.0,-153000000.0,1488000000.0,DIS,,,,,
Free Cash Flow,-720000000.0,-655000000.0,385000000.0,-743000000.0,41000000.0,COOP,,,,,
Repurchase Of Capital Stock,-39000000.0,-72000000.0,-58000000.0,-57000000.0,-89000000.0,COOP,,,,,
Repayment Of Debt,-17000000.0,-21000000.0,-19000000.0,-18000000.0,-22000000.0,COOP,,,,,
Issuance Of Debt,1000000000.0,,,579000000.0,0.0,COOP,,,,,
Capital Expenditure,-748000000.0,-779000000.0,-238000000.0,-732000000.0,-119000000.0,COOP,,,,,
End Cash Position,735000000.0,740000000.0,704000000.0,687000000.0,667000000.0,COOP,,,,,
Beginning Cash Position,740000000.0,704000000.0,687000000.0,667000000.0,702000000.0,COOP,,,,,
Changes In Cash,-5000000.0,36000000.0,17000000.0,20000000.0,-35000000.0,COOP,,,,,
Financing Cash Flow,682000000.0,660000000.0,-94000000.0,500000000.0,-88000000.0,COOP,,,,,
Cash Flow From Continuing Financing Activities,682000000.0,660000000.0,-94000000.0,500000000.0,-88000000.0,COOP,,,,,
Net Other Financing Charges,-47000000.0,-5000000.0,-4000000.0,-4000000.0,-28000000.0,COOP,,,,,
Net Common Stock Issuance,-39000000.0,-72000000.0,-58000000.0,-57000000.0,-89000000.0,COOP,,,,,
Common Stock Payments,-39000000.0,-72000000.0,-58000000.0,-57000000.0,-89000000.0,COOP,,,,,
Net Issuance Payments Of Debt,768000000.0,737000000.0,-32000000.0,561000000.0,29000000.0,COOP,,,,,
Net Short Term Debt Issuance,-215000000.0,758000000.0,-13000000.0,579000000.0,51000000.0,COOP,,,,,
Short Term Debt Issuance,,,,579000000.0,51000000.0,COOP,,,,,
Net Long Term Debt Issuance,983000000.0,-21000000.0,-19000000.0,-18000000.0,-22000000.0,COOP,,,,,
Long Term Debt Payments,-17000000.0,-21000000.0,-19000000.0,-18000000.0,-22000000.0,COOP,,,,,
Long Term Debt Issuance,1000000000.0,,,,0.0,COOP,,,,,
Investing Cash Flow,-715000000.0,-748000000.0,-512000000.0,-469000000.0,-107000000.0,COOP,,,,,
Cash Flow From Continuing Investing Activities,-715000000.0,-748000000.0,-512000000.0,-469000000.0,-107000000.0,COOP,,,,,
Net Other Investing Changes,-5000000.0,-12000000.0,-34000000.0,0.0,-3000000.0,COOP,,,,,
Net Business Purchase And Sale,,0.0,-488000000.0,,,COOP,,,,,
Purchase Of Business,,0.0,-488000000.0,,,COOP,,,,,
Net Intangibles Purchase And Sale,-702000000.0,-734000000.0,16000000.0,-430000000.0,-99000000.0,COOP,,,,,
Sale Of Intangibles,38000000.0,43000000.0,248000000.0,297000000.0,15000000.0,COOP,,,,,
Purchase Of Intangibles,-740000000.0,-777000000.0,-232000000.0,-727000000.0,-114000000.0,COOP,,,,,
Net PPE Purchase And Sale,-8000000.0,-2000000.0,-6000000.0,-5000000.0,-5000000.0,COOP,,,,,
Purchase Of PPE,-8000000.0,-2000000.0,-6000000.0,-5000000.0,-5000000.0,COOP,,,,,
Operating Cash Flow,28000000.0,124000000.0,623000000.0,-11000000.0,160000000.0,COOP,,,,,
Cash Flow From Continuing Operating Activities,28000000.0,124000000.0,623000000.0,-11000000.0,160000000.0,COOP,,,,,
Change In Working Capital,-151000000.0,-116000000.0,-45000000.0,30000000.0,22000000.0,COOP,,,,,
Change In Other Current Assets,-56000000.0,131000000.0,-98000000.0,-105000000.0,66000000.0,COOP,,,,,
Change In Payables And Accrued Expense,-151000000.0,16000000.0,-41000000.0,14000000.0,-120000000.0,COOP,,,,,
Change In Payable,-151000000.0,16000000.0,-41000000.0,14000000.0,-120000000.0,COOP,,,,,
Change In Account Payable,,,,14000000.0,-120000000.0,COOP,,,,,
Change In Prepaid Assets,56000000.0,-263000000.0,94000000.0,121000000.0,76000000.0,COOP,,,,,
Other Non Cash Items,-119000000.0,372000000.0,260000000.0,-246000000.0,215000000.0,COOP,,,,,
Provisionand Write Offof Assets,15000000.0,14000000.0,8000000.0,9000000.0,9000000.0,COOP,,,,,
Deferred Tax,46000000.0,27000000.0,62000000.0,50000000.0,-4000000.0,COOP,,,,,
Deferred Income Tax,46000000.0,27000000.0,62000000.0,50000000.0,-4000000.0,COOP,,,,,
Depreciation Amortization Depletion,8000000.0,10000000.0,10000000.0,9000000.0,9000000.0,COOP,,,,,
Depreciation And Amortization,8000000.0,10000000.0,10000000.0,9000000.0,9000000.0,COOP,,,,,
Operating Gains Losses,48000000.0,-229000000.0,53000000.0,-5000000.0,-128000000.0,COOP,,,,,
Gain Loss On Investment Securities,122000000.0,-176000000.0,192000000.0,111000000.0,-59000000.0,COOP,,,,,
Gain Loss On Sale Of PPE,12000000.0,6000000.0,3000000.0,-32000000.0,0.0,COOP,,,,,
Net Income From Continuing Operations,181000000.0,46000000.0,275000000.0,142000000.0,37000000.0,COOP,,,,,
Free Cash Flow,,64716000000.0,49231000000.0,45306000000.0,-2951000000.0,BABA,,,,,
End Cash Position,,294929000000.0,280995000000.0,267094000000.0,229510000000.0,BABA,,,,,
Beginning Cash Position,,280995000000.0,267094000000.0,229510000000.0,235437000000.0,BABA,,,,,
Effect Of Exchange Rate Changes,,-2643000000.0,813000000.0,4319000000.0,-1201000000.0,BABA,,,,,
Changes In Cash,,16577000000.0,13088000000.0,33265000000.0,-4726000000.0,BABA,,,,,
Financing Cash Flow,,-17214000000.0,-12382000000.0,-24636000000.0,-9319000000.0,BABA,,,,,
Investing Cash Flow,,-30925000000.0,-23761000000.0,12595000000.0,-26808000000.0,BABA,,,,,
Operating Cash Flow,,64716000000.0,49231000000.0,45306000000.0,31401000000.0,BABA,,,,,
Free Cash Flow,-340400000.0,-201000000.0,2002700000.0,758400000.0,612800000.0,DHI,,,,,
Repurchase Of Capital Stock,-461700000.0,-414400000.0,-419100000.0,-339900000.0,-331800000.0,DHI,,,,,
Repayment Of Debt,159900000.0,-559900000.0,-1148500000.0,38000000.0,-9000000.0,DHI,,,,,
Issuance Of Debt,479400000.0,720000000.0,120000000.0,67300000.0,275000000.0,DHI,,,,,
Issuance Of Capital Stock,,,0.0,0.0,0.0,DHI,,,,,
Capital Expenditure,-23700000.0,-47600000.0,-40300000.0,-29100000.0,-31700000.0,DHI,,,,,
End Cash Position,3093400000.0,3344600000.0,3900100000.0,3408000000.0,3074600000.0,DHI,,,,,
Beginning Cash Position,3344600000.0,3900100000.0,3408000000.0,3074600000.0,2612500000.0,DHI,,,,,
Changes In Cash,-251200000.0,-555500000.0,492100000.0,333400000.0,462100000.0,DHI,,,,,
Financing Cash Flow,92200000.0,-362800000.0,-1549200000.0,-326200000.0,-144700000.0,DHI,,,,,
Cash Flow From Continuing Financing Activities,92200000.0,-362800000.0,-1549200000.0,-326200000.0,-144700000.0,DHI,,,,,
Net Other Financing Charges,-16500000.0,-10200000.0,-24100000.0,-12200000.0,-700000.0,DHI,,,,,
Proceeds From Stock Option Exercised,10600000.0,1600000.0,6800000.0,5800000.0,7400000.0,DHI,,,,,
Cash Dividends Paid,-99200000.0,-99900000.0,-84300000.0,-85200000.0,-85600000.0,DHI,,,,,
Common Stock Dividend Paid,-99200000.0,-99900000.0,,-85200000.0,-85600000.0,DHI,,,,,
Net Common Stock Issuance,-442000000.0,-414400000.0,-419100000.0,-339900000.0,-331800000.0,DHI,,,,,
Common Stock Payments,-461700000.0,-414400000.0,-419100000.0,-339900000.0,-331800000.0,DHI,,,,,
Common Stock Issuance,,,0.0,0.0,0.0,DHI,,,,,
Net Issuance Payments Of Debt,639300000.0,160100000.0,-1028500000.0,105300000.0,266000000.0,DHI,,,,,
Net Short Term Debt Issuance,,-389900000.0,,,,DHI,,,,,
Short Term Debt Payments,,-389900000.0,,,,DHI,,,,,
Net Long Term Debt Issuance,249400000.0,550000000.0,-1028500000.0,105300000.0,-138400000.0,DHI,,,,,
Long Term Debt Payments,-230000000.0,-170000000.0,-1148500000.0,38000000.0,-413400000.0,DHI,,,,,
Long Term Debt Issuance,479400000.0,720000000.0,120000000.0,67300000.0,275000000.0,DHI,,,,,
Investing Cash Flow,-26700000.0,-39300000.0,-1700000.0,-127900000.0,-37700000.0,DHI,,,,,
Cash Flow From Continuing Investing Activities,-26700000.0,-39300000.0,-1700000.0,-127900000.0,-37700000.0,DHI,,,,,
Net Other Investing Changes,-3000000.0,9300000.0,49500000.0,-300000.0,400000.0,DHI,,,,,
Net Business Purchase And Sale,0.0,-1000000.0,-10900000.0,-98500000.0,-6400000.0,DHI,,,,,
Purchase Of Business,0.0,-1000000.0,-10900000.0,-98500000.0,-6400000.0,DHI,,,,,
Capital Expenditure Reported,-23700000.0,-47600000.0,-40300000.0,-29100000.0,-31700000.0,DHI,,,,,
Operating Cash Flow,-316700000.0,-153400000.0,2043000000.0,787500000.0,644500000.0,DHI,,,,,
Cash Flow From Continuing Operating Activities,-316700000.0,-153400000.0,2043000000.0,787500000.0,644500000.0,DHI,,,,,
Change In Working Capital,-1568600000.0,-1187400000.0,512600000.0,-618700000.0,-409600000.0,DHI,,,,,
Change In Other Current Assets,-470700000.0,345800000.0,-323800000.0,-388100000.0,-331700000.0,DHI,,,,,
Change In Payables And Accrued Expense,-291500000.0,127500000.0,236700000.0,64900000.0,68900000.0,DHI,,,,,
Change In Payable,-291500000.0,127500000.0,,64900000.0,68900000.0,DHI,,,,,
Change In Account Payable,-291500000.0,127500000.0,,64900000.0,68900000.0,DHI,,,,,
Change In Inventory,-806400000.0,-1660700000.0,599700000.0,-295500000.0,-146800000.0,DHI,,,,,
Stock Based Compensation,25000000.0,40900000.0,30600000.0,29300000.0,28400000.0,DHI,,,,,
Deferred Tax,8600000.0,11300000.0,-65200000.0,-9400000.0,25500000.0,DHI,,,,,
Deferred Income Tax,8600000.0,11300000.0,-65200000.0,-9400000.0,25500000.0,DHI,,,,,
Depreciation Amortization Depletion,21100000.0,20000000.0,21400000.0,23700000.0,26700000.0,DHI,,,,,
Depreciation And Amortization,21100000.0,20000000.0,21400000.0,23700000.0,26700000.0,DHI,,,,,
Operating Gains Losses,13500000.0,6100000.0,18100000.0,10800000.0,23900000.0,DHI,,,,,
Gain Loss On Investment Securities,13500000.0,6100000.0,18100000.0,10800000.0,23900000.0,DHI,,,,,
Net Income From Continuing Operations,1183700000.0,955700000.0,1525500000.0,1351800000.0,949600000.0,DHI,,,,,
Free Cash Flow,4539000000.0,1709000000.0,4030000000.0,3423000000.0,3799000000.0,CMCSA,,,,,
Repurchase Of Capital Stock,-2664000000.0,-3521000000.0,-3543000000.0,-2051000000.0,-2176000000.0,CMCSA,,,,,
Repayment Of Debt,-289000000.0,-6149000000.0,-40000000.0,-2952000000.0,-49000000.0,CMCSA,,,,,
Issuance Of Debt,26000000.0,6000000.0,2000000.0,4985000000.0,1059000000.0,CMCSA,,,,,
Capital Expenditure,-3309000000.0,-4213000000.0,-4123000000.0,-3775000000.0,-3429000000.0,CMCSA,,,,,
Interest Paid Supplemental Data,731000000.0,,743000000.0,1057000000.0,766000000.0,CMCSA,,,,,
Income Tax Paid Supplemental Data,349000000.0,,1439000000.0,2236000000.0,148000000.0,CMCSA,,,,,
End Cash Position,6586000000.0,6282000000.0,6489000000.0,7202000000.0,5577000000.0,CMCSA,,,,,
Beginning Cash Position,6282000000.0,6489000000.0,7202000000.0,5577000000.0,4782000000.0,CMCSA,,,,,
Effect Of Exchange Rate Changes,-10000000.0,27000000.0,-32000000.0,-6000000.0,20000000.0,CMCSA,,,,,
Changes In Cash,314000000.0,-234000000.0,-681000000.0,1631000000.0,775000000.0,CMCSA,,,,,
Financing Cash Flow,-4023000000.0,-10714000000.0,-4644000000.0,-1410000000.0,-3082000000.0,CMCSA,,,,,
Cash Flow From Continuing Financing Activities,-4023000000.0,-10713000000.0,-4646000000.0,-1409000000.0,-3082000000.0,CMCSA,,,,,
Net Other Financing Charges,97000000.0,130000000.0,136000000.0,-179000000.0,-82000000.0,CMCSA,,,,,
Proceeds From Stock Option Exercised,,,,-2051000000.0,-2176000000.0,CMCSA,,,,,
Cash Dividends Paid,-1193000000.0,-1180000000.0,-1199000000.0,-1213000000.0,-1174000000.0,CMCSA,,,,,
Common Stock Dividend Paid,-1193000000.0,-1180000000.0,-1199000000.0,-1213000000.0,-1174000000.0,CMCSA,,,,,
Net Common Stock Issuance,-2664000000.0,-3521000000.0,-3543000000.0,-2051000000.0,-2176000000.0,CMCSA,,,,,
Common Stock Payments,-2664000000.0,-3521000000.0,-3543000000.0,-2051000000.0,-2176000000.0,CMCSA,,,,,
Net Issuance Payments Of Debt,-263000000.0,-6143000000.0,-38000000.0,2033000000.0,350000000.0,CMCSA,,,,,
Net Short Term Debt Issuance,0.0,0.0,0.0,0.0,-660000000.0,CMCSA,,,,,
Net Long Term Debt Issuance,-263000000.0,-6143000000.0,-38000000.0,2033000000.0,1010000000.0,CMCSA,,,,,
Long Term Debt Payments,-289000000.0,-6149000000.0,-40000000.0,-2952000000.0,-49000000.0,CMCSA,,,,,
Long Term Debt Issuance,26000000.0,6000000.0,2000000.0,4985000000.0,1059000000.0,CMCSA,,,,,
Investing Cash Flow,-3511000000.0,4557000000.0,-4190000000.0,-4158000000.0,-3370000000.0,CMCSA,,,,,
Cash Flow From Continuing Investing Activities,-3512000000.0,4557000000.0,-4192000000.0,-4156000000.0,-3370000000.0,CMCSA,,,,,
Net Other Investing Changes,36000000.0,291000000.0,263000000.0,52000000.0,-48000000.0,CMCSA,,,,,
Net Investment Purchase And Sale,-404000000.0,8246000000.0,-356000000.0,-444000000.0,-149000000.0,CMCSA,,,,,
Purchase Of Investment,-404000000.0,-364000000.0,-356000000.0,-444000000.0,-149000000.0,CMCSA,,,,,
Net Business Purchase And Sale,166000000.0,233000000.0,26000000.0,9000000.0,256000000.0,CMCSA,,,,,
Sale Of Business,274000000.0,251000000.0,41000000.0,26000000.0,343000000.0,CMCSA,,,,,
Purchase Of Business,-108000000.0,-18000000.0,-15000000.0,-17000000.0,-87000000.0,CMCSA,,,,,
Net Intangibles Purchase And Sale,-679000000.0,-893000000.0,-828000000.0,-812000000.0,-765000000.0,CMCSA,,,,,
Purchase Of Intangibles,-679000000.0,-893000000.0,-828000000.0,-812000000.0,-765000000.0,CMCSA,,,,,
Capital Expenditure Reported,-2630000000.0,-3320000000.0,-3295000000.0,-2963000000.0,-2664000000.0,CMCSA,,,,,
Operating Cash Flow,7848000000.0,5922000000.0,8153000000.0,7198000000.0,7228000000.0,CMCSA,,,,,
Cash Flow From Continuing Operating Activities,7847000000.0,5922000000.0,8152000000.0,7199000000.0,7228000000.0,CMCSA,,,,,
Change In Working Capital,224000000.0,2508000000.0,95000000.0,-1277000000.0,-318000000.0,CMCSA,,,,,
Change In Other Working Capital,-97000000.0,3209000000.0,418000000.0,-800000000.0,-43000000.0,CMCSA,,,,,
Change In Other Current Assets,124000000.0,271000000.0,-589000000.0,45000000.0,13000000.0,CMCSA,,,,,
Change In Payables And Accrued Expense,-446000000.0,-2000000.0,200000000.0,-67000000.0,-651000000.0,CMCSA,,,,,
Change In Receivables,643000000.0,-970000000.0,66000000.0,-455000000.0,363000000.0,CMCSA,,,,,
Other Non Cash Items,104000000.0,81000000.0,96000000.0,61000000.0,78000000.0,CMCSA,,,,,
Stock Based Compensation,373000000.0,286000000.0,287000000.0,309000000.0,359000000.0,CMCSA,,,,,
Asset Impairment Charge,,0.0,,,,CMCSA,,,,,
Deferred Tax,-17000000.0,-3133000000.0,98000000.0,214000000.0,82000000.0,CMCSA,,,,,
Deferred Income Tax,-17000000.0,-3133000000.0,98000000.0,214000000.0,82000000.0,CMCSA,,,,,
Depreciation Amortization Depletion,3551000000.0,3529000000.0,3492000000.0,3538000000.0,3777000000.0,CMCSA,,,,,
Depreciation And Amortization,3551000000.0,3529000000.0,3492000000.0,3538000000.0,3777000000.0,CMCSA,,,,,
Amortization Cash Flow,1376000000.0,,,,1513000000.0,CMCSA,,,,,
Amortization Of Intangibles,1376000000.0,,,,1513000000.0,CMCSA,,,,,
Depreciation,2175000000.0,,,5051000000.0,2264000000.0,CMCSA,,,,,
Operating Gains Losses,-164000000.0,-502000000.0,88000000.0,163000000.0,-517000000.0,CMCSA,,,,,
Net Income From Continuing Operations,3777000000.0,3153000000.0,3997000000.0,4190000000.0,3767000000.0,CMCSA,,,,,
Free Cash Flow,1481000000.0,-2976000000.0,-962000000.0,2379000000.0,1299000000.0,UAL,,,,,
Repayment Of Debt,-5031000000.0,-825000000.0,-809000000.0,-1794000000.0,-820000000.0,UAL,,,,,
Issuance Of Debt,3111000000.0,703000000.0,94000000.0,1303000000.0,288000000.0,UAL,,,,,
Capital Expenditure,-1366000000.0,-2066000000.0,-1842000000.0,-1420000000.0,-1843000000.0,UAL,,,,,
End Cash Position,8685000000.0,6334000000.0,8110000000.0,9881000000.0,8032000000.0,UAL,,,,,
Beginning Cash Position,6335000000.0,8110000000.0,9881000000.0,8032000000.0,7421000000.0,UAL,,,,,
Changes In Cash,2350000000.0,-1776000000.0,-1771000000.0,1849000000.0,611000000.0,UAL,,,,,
Financing Cash Flow,-1938000000.0,-123000000.0,-715000000.0,-491000000.0,-563000000.0,UAL,,,,,
Cash Flow From Continuing Financing Activities,-1938000000.0,-123000000.0,-715000000.0,-491000000.0,-563000000.0,UAL,,,,,
Net Other Financing Charges,-18000000.0,-1000000.0,0.0,0.0,-31000000.0,UAL,,,,,
Net Issuance Payments Of Debt,-1920000000.0,-122000000.0,-715000000.0,-491000000.0,-532000000.0,UAL,,,,,
Net Long Term Debt Issuance,-1920000000.0,-122000000.0,-715000000.0,-491000000.0,-532000000.0,UAL,,,,,
Long Term Debt Payments,-5031000000.0,-825000000.0,-809000000.0,-1794000000.0,-820000000.0,UAL,,,,,
Long Term Debt Issuance,3111000000.0,703000000.0,94000000.0,1303000000.0,288000000.0,UAL,,,,,
Investing Cash Flow,1441000000.0,-743000000.0,-1936000000.0,-1459000000.0,-1968000000.0,UAL,,,,,
Cash Flow From Continuing Investing Activities,1441000000.0,-743000000.0,-1936000000.0,-1459000000.0,-1968000000.0,UAL,,,,,
Net Other Investing Changes,-4000000.0,-6000000.0,-18000000.0,-5000000.0,6000000.0,UAL,,,,,
Net Investment Purchase And Sale,2791000000.0,1310000000.0,-87000000.0,-42000000.0,-132000000.0,UAL,,,,,
Sale Of Investment,3657000000.0,1905000000.0,1912000000.0,2641000000.0,4061000000.0,UAL,,,,,
Purchase Of Investment,-866000000.0,-595000000.0,-1999000000.0,-2683000000.0,-4193000000.0,UAL,,,,,
Net PPE Purchase And Sale,20000000.0,19000000.0,11000000.0,8000000.0,1000000.0,UAL,,,,,
Sale Of PPE,20000000.0,19000000.0,11000000.0,8000000.0,1000000.0,UAL,,,,,
Capital Expenditure Reported,-1366000000.0,-2066000000.0,-1842000000.0,-1420000000.0,-1843000000.0,UAL,,,,,
Operating Cash Flow,2847000000.0,-910000000.0,880000000.0,3799000000.0,3142000000.0,UAL,,,,,
Free Cash Flow,,,,,,EDU,109436000.0,300586000.0,335786000.0,637481000.0,190482000.0
End Cash Position,,,,,,EDU,2189074000.0,2120746000.0,1890721000.0,1805427000.0,1431001000.0
Beginning Cash Position,,,,,,EDU,2120746000.0,1890721000.0,1805427000.0,1431001000.0,1122824000.0
Effect Of Exchange Rate Changes,,,,,,EDU,-18901000.0,27195000.0,-29335000.0,-98970000.0,23140000.0
Changes In Cash,,,,,,EDU,87229000.0,202830000.0,114629000.0,401693000.0,285037000.0
Financing Cash Flow,,,,,,EDU,-33492000.0,-4725000.0,-12991000.0,-194273000.0,-52594000.0
Investing Cash Flow,,,,,,EDU,11285000.0,-93031000.0,-208166000.0,-184560000.0,147149000.0
Operating Cash Flow,,,,,,EDU,109436000.0,300586000.0,335786000.0,780526000.0,190482000.0
Free Cash Flow,,,83313000000.0,22398000000.0,62297000000.0,TCEHY,,,,,
End Cash Position,,,146476000000.0,139647000000.0,153328000000.0,TCEHY,,,,,
Beginning Cash Position,,,139647000000.0,153328000000.0,156739000000.0,TCEHY,,,,,
Effect Of Exchange Rate Changes,,,-553000000.0,3113000000.0,-868000000.0,TCEHY,,,,,
Changes In Cash,,,7382000000.0,-16794000000.0,-2543000000.0,TCEHY,,,,,
Financing Cash Flow,,,-25210000000.0,-37955000000.0,359000000.0,TCEHY,,,,,
Investing Cash Flow,,,-32433000000.0,-19525000000.0,-65199000000.0,TCEHY,,,,,
Operating Cash Flow,,,65025000000.0,40686000000.0,62297000000.0,TCEHY,,,,,
Free Cash Flow,,1091431000.0,-237186000.0,78985000.0,122100000.0,VFC,,,,,
Repurchase Of Capital Stock,,-211000.0,-667000.0,-1725000.0,-223000.0,VFC,,,,,
Repayment Of Debt,,-270000.0,-907388000.0,-268000.0,-265000.0,VFC,,,,,
Issuance Of Debt,,-574401000.0,970866000.0,47029000.0,492135000.0,VFC,,,,,
Capital Expenditure,,-33577000.0,-54350000.0,-84590000.0,-55577000.0,VFC,,,,,
End Cash Position,,989322000.0,500236000.0,808121000.0,816318000.0,VFC,,,,,
Beginning Cash Position,,500236000.0,808121000.0,816319000.0,572984000.0,VFC,,,,,
Effect Of Exchange Rate Changes,,16206000.0,-11864000.0,-9326000.0,1690000.0,VFC,,,,,
Changes In Cash,,472880000.0,-296021000.0,1128000.0,241644000.0,VFC,,,,,
Financing Cash Flow,,-609865000.0,-54016000.0,-71885000.0,45187000.0,VFC,,,,,
Cash Flow From Continuing Financing Activities,,-609865000.0,-54016000.0,-71885000.0,45187000.0,VFC,,,,,
Net Other Financing Charges,,0.0,-230000.0,-346000.0,-5977000.0,VFC,,,,,
Cash Dividends Paid,,-34983000.0,-116597000.0,-116575000.0,-116511000.0,VFC,,,,,
Common Stock Dividend Paid,,-34983000.0,-116597000.0,-116575000.0,-116511000.0,VFC,,,,,
Net Common Stock Issuance,,-211000.0,-667000.0,-1725000.0,-223000.0,VFC,,,,,
Common Stock Payments,,-211000.0,-667000.0,-1725000.0,-223000.0,VFC,,,,,
Net Issuance Payments Of Debt,,-574671000.0,63478000.0,46761000.0,167898000.0,VFC,,,,,
Net Short Term Debt Issuance,,-574401000.0,970866000.0,47029000.0,-890178000.0,VFC,,,,,
Short Term Debt Issuance,,-574401000.0,970866000.0,47029000.0,,VFC,,,,,
Net Long Term Debt Issuance,,-270000.0,-907388000.0,-268000.0,1058076000.0,VFC,,,,,
Long Term Debt Payments,,-270000.0,-907388000.0,-268000.0,-265000.0,VFC,,,,,
Long Term Debt Issuance,,,,,1058341000.0,VFC,,,,,
Investing Cash Flow,,-42263000.0,-59169000.0,-90562000.0,18780000.0,VFC,,,,,
Cash From Discontinued Investing Activities,,,,,0.0,VFC,,,,,
Cash Flow From Continuing Investing Activities,,-42263000.0,-59169000.0,-90562000.0,18780000.0,VFC,,,,,
Net Other Investing Changes,,-8686000.0,-4819000.0,-5972000.0,74357000.0,VFC,,,,,
Net Investment Purchase And Sale,,,,,0.0,VFC,,,,,
Sale Of Investment,,,,,0.0,VFC,,,,,
Net Business Purchase And Sale,,,,,0.0,VFC,,,,,
Sale Of Business,,,,,0.0,VFC,,,,,
Purchase Of Business,,,,,0.0,VFC,,,,,
Net Intangibles Purchase And Sale,,-10258000.0,-19770000.0,-22827000.0,-19866000.0,VFC,,,,,
Purchase Of Intangibles,,-10258000.0,-19770000.0,-22827000.0,-19866000.0,VFC,,,,,
Capital Expenditure Reported,,-23319000.0,-34580000.0,-61763000.0,-35711000.0,VFC,,,,,
Operating Cash Flow,,1125008000.0,-182836000.0,163575000.0,177677000.0,VFC,,,,,
Cash From Discontinued Operating Activities,,,,,0.0,VFC,,,,,
Cash Flow From Continuing Operating Activities,,1125008000.0,-182836000.0,163575000.0,177677000.0,VFC,,,,,
Change In Working Capital,,729084000.0,-582421000.0,37796000.0,-28155000.0,VFC,,,,,
Change In Other Working Capital,,-330174000.0,-24667000.0,-141495000.0,-71758000.0,VFC,,,,,
Change In Payables And Accrued Expense,,69331000.0,-120382000.0,277901000.0,-239412000.0,VFC,,,,,
Change In Accrued Expense,,99982000.0,151786000.0,-66581000.0,-264798000.0,VFC,,,,,
Change In Payable,,-30651000.0,-272168000.0,344482000.0,25386000.0,VFC,,,,,
Change In Account Payable,,-30651000.0,-272168000.0,344482000.0,25386000.0,VFC,,,,,
Change In Inventory,,370571000.0,271604000.0,-493720000.0,310265000.0,VFC,,,,,
Change In Receivables,,619356000.0,-708976000.0,395110000.0,-27250000.0,VFC,,,,,
Changes In Account Receivables,,619356000.0,-708976000.0,395110000.0,-27250000.0,VFC,,,,,
Other Non Cash Items,,-205717000.0,88413000.0,106373000.0,-3097000.0,VFC,,,,,
Stock Based Compensation,,16461000.0,19420000.0,15784000.0,12640000.0,VFC,,,,,
Provisionand Write Offof Assets,,1572000.0,952000.0,4633000.0,2301000.0,VFC,,,,,
Asset Impairment Charge,,257096000.0,,,313087000.0,VFC,,,,,
Deferred Tax,,-2290000.0,,,,VFC,,,,,
Deferred Income Tax,,-2290000.0,,,,VFC,,,,,
Depreciation Amortization Depletion,,371794000.0,75626000.0,67075000.0,70150000.0,VFC,,,,,
Depreciation And Amortization,,371794000.0,75626000.0,67075000.0,70150000.0,VFC,,,,,
Operating Gains Losses,,-540000.0,510000.0,-10661000.0,,VFC,,,,,
Pension And Employee Benefit Expense,,-540000.0,510000.0,-10661000.0,,VFC,,,,,
Net Income From Continuing Operations,,-42452000.0,-450697000.0,-57425000.0,-214892000.0,VFC,,,,,
Free Cash Flow,,-30785782669.0,14506532000.0,9621366000.0,6702071000.0,LI,,,,,
Repayment Of Debt,,,,-2197784000.0,-453447000.0,LI,,,,,
Issuance Of Debt,,,,342223000.0,257164000.0,LI,,,,,
Capital Expenditure,,,,-1491029000.0,-1078295000.0,LI,,,,,
Interest Paid Supplemental Data,,,,15032000.0,12527000.0,LI,,,,,
End Cash Position,,91329509.0,73689210000.0,62255649000.0,45284709000.0,LI,,,,,
Beginning Cash Position,,73689210000.0,62255649000.0,45284709000.0,40418158000.0,LI,,,,,
Effect Of Exchange Rate Changes,,-92648487.0,-20252000.0,138186000.0,-25241000.0,LI,,,,,
Changes In Cash,,-33127492162.0,11453813000.0,16832754000.0,4891792000.0,LI,,,,,
Financing Cash Flow,,678155385.0,1371433000.0,-1853582000.0,-195821000.0,LI,,,,,
Cash Flow From Continuing Financing Activities,,,,-1853582000.0,-195821000.0,LI,,,,,
Net Other Financing Charges,,,,0.0,-2447000.0,LI,,,,,
Proceeds From Stock Option Exercised,,,,1979000.0,2909000.0,LI,,,,,
Net Issuance Payments Of Debt,,,,-1855561000.0,-196283000.0,LI,,,,,
Net Long Term Debt Issuance,,,,-1855561000.0,-196283000.0,LI,,,,,
Long Term Debt Payments,,,,-2197784000.0,-453447000.0,LI,,,,,
Long Term Debt Issuance,,,,342223000.0,257164000.0,LI,,,,,
Investing Cash Flow,,-457048068.0,-4424152000.0,7573941000.0,-2692753000.0,LI,,,,,
Cash Flow From Continuing Investing Activities,,,,7573941000.0,-2692753000.0,LI,,,,,
Net Investment Purchase And Sale,,,,8915537000.0,-1614499000.0,LI,,,,,
Sale Of Investment,,,,12020000000.0,12295501000.0,LI,,,,,
Purchase Of Investment,,,,-3104463000.0,-13910000000.0,LI,,,,,
Net PPE Purchase And Sale,,,,-1341596000.0,-1078254000.0,LI,,,,,
Sale Of PPE,,,,149433000.0,41000.0,LI,,,,,
Purchase Of PPE,,,,-1491029000.0,-1078295000.0,LI,,,,,
Operating Cash Flow,,-33348599479.0,14506532000.0,11112395000.0,7780366000.0,LI,,,,,
Cash Flow From Continuing Operating Activities,,,,11112395000.0,7780366000.0,LI,,,,,
Change In Working Capital,,,,8051513000.0,6119197000.0,LI,,,,,
Change In Other Working Capital,,,,574408000.0,-11897000.0,LI,,,,,
Change In Other Current Liabilities,,,,671912000.0,414534000.0,LI,,,,,
Change In Other Current Assets,,,,67395000.0,47393000.0,LI,,,,,
Change In Payables And Accrued Expense,,,,7698940000.0,5532533000.0,LI,,,,,
Change In Accrued Expense,,,,1644614000.0,208530000.0,LI,,,,,
Change In Payable,,,,6054326000.0,5324003000.0,LI,,,,,
Change In Account Payable,,,,6055432000.0,5323346000.0,LI,,,,,
Change In Prepaid Assets,,,,-1284417000.0,36797000.0,LI,,,,,
Change In Inventory,,,,353804000.0,105443000.0,LI,,,,,
Change In Receivables,,,,-30529000.0,-5606000.0,LI,,,,,
Changes In Account Receivables,,,,-30529000.0,-5606000.0,LI,,,,,
Other Non Cash Items,,,,-6625000.0,14877000.0,LI,,,,,
Stock Based Compensation,,,,417441000.0,480229000.0,LI,,,,,
Unrealized Gain Loss On Investment Securities,,,,17721000.0,-93153000.0,LI,,,,,
Provisionand Write Offof Assets,,,,1329000.0,951000.0,LI,,,,,
Deferred Tax,,,,3543000.0,38928000.0,LI,,,,,
Deferred Income Tax,,,,3543000.0,38928000.0,LI,,,,,
Depreciation Amortization Depletion,,,,413667000.0,358500000.0,LI,,,,,
Depreciation And Amortization,,,,413667000.0,358500000.0,LI,,,,,
Amortization Cash Flow,,,,,5681000.0,LI,,,,,
Amortization Of Intangibles,,,,,5681000.0,LI,,,,,
Depreciation,,,,,352819000.0,LI,,,,,
Operating Gains Losses,,,,10687000.0,-73000000.0,LI,,,,,
Earnings Losses From Equity Investments,,,,900000.0,708000.0,LI,,,,,
Net Foreign Currency Exchange Gain Loss,,,,1957000.0,-1007000.0,LI,,,,,
Gain Loss On Sale Of PPE,,,,7830000.0,-72701000.0,LI,,,,,
Net Income From Continuing Operations,,,,2310098000.0,933837000.0,LI,,,,,
Free Cash Flow,,5456342000.0,11211778000.0,8924094000.0,8050085000.0,MPNGY,,,,,
End Cash Position,,33339754000.0,25148894000.0,27003038000.0,26862612000.0,MPNGY,,,,,
Beginning Cash Position,,25148894000.0,27003038000.0,26862612000.0,20158606000.0,MPNGY,,,,,
Effect Of Exchange Rate Changes,,-32895000.0,-36146000.0,162684000.0,10802000.0,MPNGY,,,,,
Changes In Cash,,8223755000.0,-1817998000.0,-22258000.0,6693204000.0,MPNGY,,,,,
Financing Cash Flow,,-3247804000.0,2163723000.0,-1131180000.0,-566042000.0,MPNGY,,,,,
Investing Cash Flow,,1077910000.0,-15193499000.0,-9757416000.0,-790839000.0,MPNGY,,,,,
Operating Cash Flow,,10393649000.0,11211778000.0,10866338000.0,8050085000.0,MPNGY,,,,,
Free Cash Flow,,-28674000.0,812554000.0,763708000.0,543910000.0,BZ,,,,,
End Cash Position,,2472959000.0,2444620000.0,2740769000.0,6254572000.0,BZ,,,,,
Beginning Cash Position,,2444620000.0,2740769000.0,6254572000.0,9751824000.0,BZ,,,,,
Effect Of Exchange Rate Changes,,33149000.0,-6096000.0,126916000.0,-124176000.0,BZ,,,,,
Changes In Cash,,-4810000.0,-290053000.0,-3640719000.0,-3373076000.0,BZ,,,,,
Financing Cash Flow,,-442151000.0,-43826000.0,23166000.0,45789000.0,BZ,,,,,
Investing Cash Flow,,-489496000.0,-1058781000.0,-4427593000.0,-3962775000.0,BZ,,,,,
Operating Cash Flow,,926837000.0,812554000.0,763708000.0,543910000.0,BZ,,,,,
Free Cash Flow,-2535000000.0,2063000000.0,849000000.0,1005000000.0,440000000.0,TSLA,,,,,
Repayment Of Debt,-697000000.0,-588000000.0,-462000000.0,-357000000.0,-408000000.0,TSLA,,,,,
Issuance Of Debt,776000000.0,1405000000.0,,,0.0,TSLA,,,,,
Capital Expenditure,-2777000000.0,-2307000000.0,-2459000000.0,-2060000000.0,-2073000000.0,TSLA,,,,,
End Cash Position,12464000000.0,17189000000.0,16590000000.0,15879000000.0,16770000000.0,TSLA,,,,,
Beginning Cash Position,17189000000.0,16590000000.0,15879000000.0,16770000000.0,16924000000.0,TSLA,,,,,
Effect Of Exchange Rate Changes,-79000000.0,146000000.0,-98000000.0,-94000000.0,50000000.0,TSLA,,,,,
Changes In Cash,-4646000000.0,453000000.0,809000000.0,-797000000.0,-204000000.0,TSLA,,,,,
Financing Cash Flow,196000000.0,887000000.0,2263000000.0,-328000000.0,-233000000.0,TSLA,,,,,
Cash Flow From Continuing Financing Activities,196000000.0,887000000.0,2263000000.0,-328000000.0,-233000000.0,TSLA,,,,,
Net Other Financing Charges,-134000000.0,-82000000.0,-55000000.0,-34000000.0,-56000000.0,TSLA,,,,,
Proceeds From Stock Option Exercised,251000000.0,152000000.0,254000000.0,63000000.0,231000000.0,TSLA,,,,,
Net Issuance Payments Of Debt,79000000.0,817000000.0,2064000000.0,-357000000.0,-408000000.0,TSLA,,,,,
Net Long Term Debt Issuance,79000000.0,817000000.0,2064000000.0,-357000000.0,-408000000.0,TSLA,,,,,
Long Term Debt Payments,-697000000.0,-588000000.0,-462000000.0,-357000000.0,-408000000.0,TSLA,,,,,
Long Term Debt Issuance,776000000.0,1405000000.0,,,0.0,TSLA,,,,,
Investing Cash Flow,-5084000000.0,-4804000000.0,-4762000000.0,-3534000000.0,-2484000000.0,TSLA,,,,,
Cash Flow From Continuing Investing Activities,-5084000000.0,-4804000000.0,-4762000000.0,-3534000000.0,-2484000000.0,TSLA,,,,,
Net Investment Purchase And Sale,-2307000000.0,-2497000000.0,-2315000000.0,-1398000000.0,-411000000.0,TSLA,,,,,
Sale Of Investment,4315000000.0,3394000000.0,3816000000.0,3677000000.0,1604000000.0,TSLA,,,,,
Purchase Of Investment,-6622000000.0,-5891000000.0,-6131000000.0,-5075000000.0,-2015000000.0,TSLA,,,,,
Net Business Purchase And Sale,,0.0,12000000.0,,,TSLA,,,,,
Net Intangibles Purchase And Sale,,0.0,0.0,0.0,0.0,TSLA,,,,,
Sale Of Intangibles,,0.0,0.0,,,TSLA,,,,,
Purchase Of Intangibles,,0.0,0.0,0.0,0.0,TSLA,,,,,
Net PPE Purchase And Sale,-2777000000.0,-2307000000.0,-2459000000.0,-2060000000.0,-2073000000.0,TSLA,,,,,
Purchase Of PPE,-2777000000.0,-2307000000.0,-2459000000.0,-2060000000.0,-2073000000.0,TSLA,,,,,
Operating Cash Flow,242000000.0,4370000000.0,3308000000.0,3065000000.0,2513000000.0,TSLA,,,,,
Cash Flow From Continuing Operating Activities,242000000.0,4370000000.0,3308000000.0,3065000000.0,2513000000.0,TSLA,,,,,
Change In Working Capital,-2661000000.0,798000000.0,-415000000.0,-1156000000.0,-1475000000.0,TSLA,,,,,
Change In Other Working Capital,195000000.0,853000000.0,2000000.0,571000000.0,106000000.0,TSLA,,,,,
Change In Other Current Liabilities,,,442000000.0,1004000000.0,620000000.0,TSLA,,,,,
Change In Other Current Assets,-12000000.0,2561000000.0,-1272000000.0,-2566000000.0,-675000000.0,TSLA,,,,,
Change In Payables And Accrued Expense,1247000000.0,2629000000.0,-958000000.0,-469000000.0,1403000000.0,TSLA,,,,,
Change In Prepaid Assets,-972000000.0,-2974000000.0,327000000.0,732000000.0,-737000000.0,TSLA,,,,,
Change In Inventory,-2697000000.0,758000000.0,163000000.0,-576000000.0,-1540000000.0,TSLA,,,,,
Change In Receivables,-422000000.0,-963000000.0,881000000.0,-472000000.0,-32000000.0,TSLA,,,,,
Changes In Account Receivables,-422000000.0,-963000000.0,881000000.0,-472000000.0,-32000000.0,TSLA,,,,,
Other Non Cash Items,-5000000.0,-13000000.0,35000000.0,44000000.0,15000000.0,TSLA,,,,,
Stock Based Compensation,524000000.0,484000000.0,465000000.0,445000000.0,418000000.0,TSLA,,,,,
Asset Impairment Charge,68000000.0,102000000.0,144000000.0,167000000.0,50000000.0,TSLA,,,,,
Deferred Tax,-11000000.0,,,,-55000000.0,TSLA,,,,,
Deferred Income Tax,-11000000.0,,,,-55000000.0,TSLA,,,,,
Depreciation Amortization Depletion,1246000000.0,1232000000.0,1235000000.0,1154000000.0,1046000000.0,TSLA,,,,,
Depreciation And Amortization,1246000000.0,1232000000.0,1235000000.0,1154000000.0,1046000000.0,TSLA,,,,,
Depreciation,1246000000.0,,,1154000000.0,1046000000.0,TSLA,,,,,
Operating Gains Losses,-63000000.0,173000000.0,-34000000.0,-258000000.0,-25000000.0,TSLA,,,,,
Net Foreign Currency Exchange Gain Loss,-63000000.0,173000000.0,-34000000.0,-258000000.0,-25000000.0,TSLA,,,,,
Gain Loss On Sale Of PPE,,0.0,0.0,,,TSLA,,,,,
Net Income From Continuing Operations,1144000000.0,7943000000.0,1878000000.0,2614000000.0,2539000000.0,TSLA,,,,,
Free Cash Flow,379000000.0,242000000.0,297000000.0,254000000.0,328000000.0,AMD,,,,,
Repurchase Of Capital Stock,-133000000.0,-278000000.0,-806000000.0,-66000000.0,-262000000.0,AMD,,,,,
Repayment Of Debt,,0.0,,,,AMD,,,,,
Issuance Of Debt,,0.0,0.0,,,AMD,,,,,
Capital Expenditure,-142000000.0,-139000000.0,-124000000.0,-125000000.0,-158000000.0,AMD,,,,,
Income Tax Paid Supplemental Data,87000000.0,489000000.0,-12000000.0,25000000.0,21000000.0,AMD,,,,,
End Cash Position,4190000000.0,3933000000.0,3561000000.0,3841000000.0,3825000000.0,AMD,,,,,
Beginning Cash Position,3933000000.0,3561000000.0,3841000000.0,3825000000.0,4835000000.0,AMD,,,,,
Changes In Cash,257000000.0,372000000.0,-280000000.0,16000000.0,-1010000000.0,AMD,,,,,
Financing Cash Flow,-129000000.0,-159000000.0,-803000000.0,75000000.0,-259000000.0,AMD,,,,,
Cash Flow From Continuing Financing Activities,-129000000.0,-159000000.0,-803000000.0,75000000.0,-259000000.0,AMD,,,,,
Net Other Financing Charges,-1000000.0,-1000000.0,,,,AMD,,,,,
Proceeds From Stock Option Exercised,5000000.0,120000000.0,4000000.0,141000000.0,3000000.0,AMD,,,,,
Net Common Stock Issuance,-133000000.0,-278000000.0,-806000000.0,-66000000.0,-262000000.0,AMD,,,,,
Common Stock Payments,-133000000.0,-278000000.0,-806000000.0,-66000000.0,-262000000.0,AMD,,,,,
Net Issuance Payments Of Debt,,0.0,0.0,,,AMD,,,,,
Net Long Term Debt Issuance,,0.0,0.0,,,AMD,,,,,
Long Term Debt Payments,,0.0,,,,AMD,,,,,
Long Term Debt Issuance,,0.0,0.0,,,AMD,,,,,
Investing Cash Flow,-135000000.0,150000000.0,102000000.0,-438000000.0,-1237000000.0,AMD,,,,,
Cash Flow From Continuing Investing Activities,-135000000.0,150000000.0,102000000.0,-438000000.0,-1237000000.0,AMD,,,,,
Net Other Investing Changes,-3000000.0,-6000000.0,-10000000.0,-1000000.0,6000000.0,AMD,,,,,
Net Investment Purchase And Sale,10000000.0,412000000.0,250000000.0,-312000000.0,-1085000000.0,AMD,,,,,
Sale Of Investment,443000000.0,822000000.0,746000000.0,801000000.0,618000000.0,AMD,,,,,
Purchase Of Investment,-433000000.0,-410000000.0,-496000000.0,-1113000000.0,-1703000000.0,AMD,,,,,
Net Business Purchase And Sale,,-117000000.0,-14000000.0,0.0,0.0,AMD,,,,,
Sale Of Business,,0.0,0.0,0.0,0.0,AMD,,,,,
Purchase Of Business,,-117000000.0,-14000000.0,,,AMD,,,,,
Net PPE Purchase And Sale,-142000000.0,-139000000.0,-124000000.0,-125000000.0,-158000000.0,AMD,,,,,
Purchase Of PPE,-142000000.0,-139000000.0,-124000000.0,-125000000.0,-158000000.0,AMD,,,,,
Operating Cash Flow,521000000.0,381000000.0,421000000.0,379000000.0,486000000.0,AMD,,,,,
Cash Flow From Continuing Operating Activities,521000000.0,381000000.0,421000000.0,379000000.0,486000000.0,AMD,,,,,
Change In Working Capital,-760000000.0,-1242000000.0,-838000000.0,-582000000.0,-387000000.0,AMD,,,,,
Change In Other Working Capital,53000000.0,,,,-109000000.0,AMD,,,,,
Change In Payables And Accrued Expense,-461000000.0,-915000000.0,-75000000.0,-41000000.0,291000000.0,AMD,,,,,
Change In Accrued Expense,175000000.0,-771000000.0,459000000.0,-127000000.0,218000000.0,AMD,,,,,
Change In Payable,-636000000.0,-144000000.0,-534000000.0,86000000.0,73000000.0,AMD,,,,,
Change In Account Payable,-636000000.0,-181000000.0,-547000000.0,236000000.0,73000000.0,AMD,,,,,
Change In Prepaid Assets,-322000000.0,-92000000.0,-143000000.0,-46000000.0,-191000000.0,AMD,,,,,
Change In Inventory,-368000000.0,94000000.0,122000000.0,-332000000.0,-464000000.0,AMD,,,,,
Change In Receivables,338000000.0,-329000000.0,-742000000.0,-272000000.0,86000000.0,AMD,,,,,
Changes In Account Receivables,338000000.0,-321000000.0,-743000000.0,-272000000.0,86000000.0,AMD,,,,,
Other Non Cash Items,43000000.0,-24000000.0,-23000000.0,-22000000.0,5000000.0,AMD,,,,,
Stock Based Compensation,371000000.0,374000000.0,353000000.0,348000000.0,309000000.0,AMD,,,,,
Deferred Tax,-66000000.0,-219000000.0,-218000000.0,-274000000.0,-308000000.0,AMD,,,,,
Deferred Income Tax,-66000000.0,-219000000.0,-218000000.0,-274000000.0,-308000000.0,AMD,,,,,
Depreciation Amortization Depletion,810000000.0,824000000.0,848000000.0,873000000.0,1006000000.0,AMD,,,,,
Depreciation And Amortization,810000000.0,824000000.0,848000000.0,873000000.0,1006000000.0,AMD,,,,,
Depreciation,810000000.0,824000000.0,848000000.0,873000000.0,1006000000.0,AMD,,,,,
Operating Gains Losses,,1000000.0,0.0,4000000.0,5000000.0,AMD,,,,,
Earnings Losses From Equity Investments,,,,,-1000000.0,AMD,,,,,
Gain Loss On Investment Securities,,,-3000000.0,3000000.0,-1000000.0,AMD,,,,,
Gain Loss On Sale Of PPE,,1000000.0,3000000.0,1000000.0,6000000.0,AMD,,,,,
Net Income From Continuing Operations,123000000.0,667000000.0,299000000.0,27000000.0,-139000000.0,AMD,,,,,
Free Cash Flow,1086000000.0,-1452362000.0,379486000.0,594876000.0,1058000000.0,RCL,,,,,
Repayment Of Debt,-3211000000.0,-4340034000.0,-1056865000.0,-1585101000.0,-2664000000.0,RCL,,,,,
Issuance Of Debt,2179000000.0,5832823000.0,600000000.0,503177000.0,705000000.0,RCL,,,,,
Capital Expenditure,-242000000.0,-2568357000.0,-280254000.0,-796389000.0,-252000000.0,RCL,,,,,
Interest Paid Supplemental Data,411000000.0,377969000.0,504008000.0,171023000.0,389000000.0,RCL,,,,,
End Cash Position,437000000.0,497000000.0,600117000.0,726424000.0,1227000000.0,RCL,,,,,
Beginning Cash Position,497000000.0,600117000.0,726424000.0,1227000000.0,1935000000.0,RCL,,,,,
Effect Of Exchange Rate Changes,-1000000.0,2247000.0,-1692000.0,445000.0,0.0,RCL,,,,,
Changes In Cash,-59000000.0,-105359000.0,-124615000.0,-501026000.0,-708000000.0,RCL,,,,,
Financing Cash Flow,-1091000000.0,1352434000.0,-457292000.0,-1104142000.0,-1784000000.0,RCL,,,,,
Cash Flow From Continuing Financing Activities,-1091000000.0,1352434000.0,-457292000.0,-1104142000.0,-1784000000.0,RCL,,,,,
Net Other Financing Charges,-59000000.0,-140355000.0,-427000.0,-22218000.0,175000000.0,RCL,,,,,
Net Issuance Payments Of Debt,-1032000000.0,1492789000.0,-456865000.0,-1081924000.0,-1959000000.0,RCL,,,,,
Net Long Term Debt Issuance,-1032000000.0,1492789000.0,-456865000.0,-1081924000.0,-1959000000.0,RCL,,,,,
Long Term Debt Payments,-3211000000.0,-4340034000.0,-1056865000.0,-1585101000.0,-2664000000.0,RCL,,,,,
Long Term Debt Issuance,2179000000.0,5832823000.0,600000000.0,503177000.0,705000000.0,RCL,,,,,
Investing Cash Flow,-296000000.0,-2573788000.0,-327063000.0,-788149000.0,-234000000.0,RCL,,,,,
Cash Flow From Continuing Investing Activities,-296000000.0,-2573788000.0,-327063000.0,-788149000.0,-234000000.0,RCL,,,,,
Net Other Investing Changes,-10000000.0,-1604000.0,21985000.0,3619000.0,19000000.0,RCL,,,,,
Net Investment Purchase And Sale,-35000000.0,-7824000.0,-46797000.0,4621000.0,-1000000.0,RCL,,,,,
Sale Of Investment,0.0,11904000.0,5515000.0,12581000.0,5000000.0,RCL,,,,,
Purchase Of Investment,-35000000.0,-19728000.0,-52312000.0,-7960000.0,-6000000.0,RCL,,,,,
Net Business Purchase And Sale,-9000000.0,-9003000.0,,,0.0,RCL,,,,,
Purchase Of Business,-9000000.0,-9003000.0,,,0.0,RCL,,,,,
Net PPE Purchase And Sale,-242000000.0,-2555357000.0,-280254000.0,-796389000.0,-252000000.0,RCL,,,,,
Purchase Of PPE,-242000000.0,-2568357000.0,-280254000.0,-796389000.0,-252000000.0,RCL,,,,,
Operating Cash Flow,1328000000.0,1115995000.0,659740000.0,1391265000.0,1310000000.0,RCL,,,,,
Cash Flow From Continuing Operating Activities,1328000000.0,1115995000.0,659740000.0,1391265000.0,1310000000.0,RCL,,,,,
Change In Working Capital,444000000.0,421754000.0,-727146000.0,529392000.0,947000000.0,RCL,,,,,
Change In Other Working Capital,729000000.0,278668000.0,-644013000.0,405345000.0,1103000000.0,RCL,,,,,
Change In Payables And Accrued Expense,-160000000.0,322058000.0,-152388000.0,171330000.0,-204000000.0,RCL,,,,,
Change In Accrued Expense,-238000000.0,260065000.0,-184108000.0,198043000.0,-261000000.0,RCL,,,,,
Change In Payable,78000000.0,61993000.0,31720000.0,-26713000.0,57000000.0,RCL,,,,,
Change In Account Payable,78000000.0,61993000.0,31720000.0,-26713000.0,57000000.0,RCL,,,,,
Change In Prepaid Assets,-80000000.0,-140279000.0,95528000.0,-61249000.0,-78000000.0,RCL,,,,,
Change In Inventory,12000000.0,-6494000.0,-25607000.0,5101000.0,3000000.0,RCL,,,,,
Change In Receivables,-57000000.0,-32199000.0,-666000.0,8865000.0,123000000.0,RCL,,,,,
Other Non Cash Items,-22000000.0,67067000.0,-150000.0,14083000.0,46000000.0,RCL,,,,,
Stock Based Compensation,45000000.0,46685000.0,13594000.0,39721000.0,26000000.0,RCL,,,,,
Deferred Tax,0.0,-5277000.0,3416000.0,4861000.0,-11000000.0,RCL,,,,,
Deferred Income Tax,0.0,-5277000.0,3416000.0,4861000.0,-11000000.0,RCL,,,,,
Depreciation Amortization Depletion,387000000.0,368077000.0,365473000.0,361450000.0,360000000.0,RCL,,,,,
Depreciation And Amortization,387000000.0,368077000.0,365473000.0,361450000.0,360000000.0,RCL,,,,,
Operating Gains Losses,110000000.0,-61233000.0,-6125000.0,-20642000.0,-10000000.0,RCL,,,,,
Earnings Losses From Equity Investments,-41000000.0,-50888000.0,-86627000.0,-42485000.0,-20000000.0,RCL,,,,,
Gain Loss On Investment Securities,35000000.0,-49904000.0,42579000.0,-8675000.0,-3000000.0,RCL,,,,,
Net Income From Continuing Operations,364000000.0,278922000.0,1010678000.0,462400000.0,-48000000.0,RCL,,,,,
Free Cash Flow,386000000.0,4196000000.0,2646000000.0,-2122000000.0,73000000.0,PFE,,,,,
Repurchase Of Capital Stock,,0.0,0.0,0.0,0.0,PFE,,,,,
Repayment Of Debt,-3617000000.0,103000000.0,-1406000000.0,-1000000000.0,-269000000.0,PFE,,,,,
Issuance Of Debt,1444000000.0,7672000000.0,-22000000.0,30630000000.0,237000000.0,PFE,,,,,
Capital Expenditure,-704000000.0,-1044000000.0,-810000000.0,-914000000.0,-1139000000.0,PFE,,,,,
Interest Paid Supplemental Data,415000000.0,1062000000.0,332000000.0,402000000.0,419000000.0,PFE,,,,,
Income Tax Paid Supplemental Data,184000000.0,240000000.0,882000000.0,1696000000.0,329000000.0,PFE,,,,,
End Cash Position,780000000.0,2917000000.0,3233000000.0,2698000000.0,2222000000.0,PFE,,,,,
Beginning Cash Position,2917000000.0,3233000000.0,2698000000.0,2222000000.0,468000000.0,PFE,,,,,
Effect Of Exchange Rate Changes,-28000000.0,-1000000.0,-32000000.0,-5000000.0,-2000000.0,PFE,,,,,
Changes In Cash,-2109000000.0,-315000000.0,567000000.0,481000000.0,1756000000.0,PFE,,,,,
Financing Cash Flow,-4931000000.0,5442000000.0,-3779000000.0,27174000000.0,-2771000000.0,PFE,,,,,
Cash Flow From Continuing Financing Activities,-4931000000.0,5442000000.0,-3779000000.0,27175000000.0,-2771000000.0,PFE,,,,,
Net Other Financing Charges,-386000000.0,-18000000.0,-37000000.0,-141000000.0,-436000000.0,PFE,,,,,
Cash Dividends Paid,-2372000000.0,-2315000000.0,-2314000000.0,-2315000000.0,-2303000000.0,PFE,,,,,
Common Stock Dividend Paid,,,-2314000000.0,,,PFE,,,,,
Net Common Stock Issuance,,0.0,0.0,0.0,0.0,PFE,,,,,
Common Stock Payments,,0.0,0.0,0.0,0.0,PFE,,,,,
Net Issuance Payments Of Debt,-2173000000.0,7775000000.0,-1428000000.0,29630000000.0,-32000000.0,PFE,,,,,
Net Short Term Debt Issuance,-923000000.0,7775000000.0,-128000000.0,-201000000.0,237000000.0,PFE,,,,,
Short Term Debt Payments,-2367000000.0,103000000.0,,,0.0,PFE,,,,,
Short Term Debt Issuance,1444000000.0,7672000000.0,-22000000.0,-201000000.0,237000000.0,PFE,,,,,
Net Long Term Debt Issuance,-1250000000.0,0.0,-1300000000.0,29831000000.0,-269000000.0,PFE,,,,,
Long Term Debt Payments,-1250000000.0,0.0,-1300000000.0,-1000000000.0,-269000000.0,PFE,,,,,
Long Term Debt Issuance,,0.0,0.0,,,PFE,,,,,
Investing Cash Flow,1732000000.0,-10996000000.0,888000000.0,-25485000000.0,3315000000.0,PFE,,,,,
Cash Flow From Continuing Investing Activities,1731000000.0,-10997000000.0,890000000.0,-25486000000.0,3316000000.0,PFE,,,,,
Net Other Investing Changes,1000000.0,15000000.0,348000000.0,-524000000.0,-19000000.0,PFE,,,,,
Dividends Received Cfi,,0.0,,,,PFE,,,,,
Net Investment Purchase And Sale,-1056000000.0,33438000000.0,1350000000.0,-24022000000.0,4473000000.0,PFE,,,,,
Sale Of Investment,963000000.0,28210000000.0,5441000000.0,1577000000.0,11189000000.0,PFE,,,,,
Purchase Of Investment,-2019000000.0,5228000000.0,-4091000000.0,-25599000000.0,-6716000000.0,PFE,,,,,
Net Business Purchase And Sale,3491000000.0,-43405000000.0,0.0,-25000000.0,0.0,PFE,,,,,
Sale Of Business,3491000000.0,,,,0.0,PFE,,,,,
Purchase Of Business,,-43405000000.0,0.0,-25000000.0,0.0,PFE,,,,,
Net PPE Purchase And Sale,-704000000.0,-1044000000.0,-810000000.0,-914000000.0,-1139000000.0,PFE,,,,,
Purchase Of PPE,-704000000.0,-1044000000.0,-810000000.0,-914000000.0,-1139000000.0,PFE,,,,,
Operating Cash Flow,1090000000.0,5240000000.0,3456000000.0,-1208000000.0,1212000000.0,PFE,,,,,
Cash Flow From Continuing Operating Activities,1091000000.0,5241000000.0,3458000000.0,-1209000000.0,1211000000.0,PFE,,,,,
Change In Working Capital,-3336000000.0,8450000000.0,-1199000000.0,-3916000000.0,-5507000000.0,PFE,,,,,
Other Non Cash Items,-353000000.0,-3069000000.0,-574000000.0,-537000000.0,-100000000.0,PFE,,,,,
Stock Based Compensation,220000000.0,121000000.0,151000000.0,148000000.0,105000000.0,PFE,,,,,
Asset Impairment Charge,136000000.0,3261000000.0,6019000000.0,57000000.0,270000000.0,PFE,,,,,
Deferred Tax,-441000000.0,-1858000000.0,-113000000.0,-873000000.0,-598000000.0,PFE,,,,,
Deferred Income Tax,-441000000.0,-1858000000.0,-113000000.0,-873000000.0,-598000000.0,PFE,,,,,
Depreciation Amortization Depletion,1736000000.0,1670000000.0,1560000000.0,1573000000.0,1487000000.0,PFE,,,,,
Depreciation And Amortization,1736000000.0,1670000000.0,1560000000.0,1573000000.0,1487000000.0,PFE,,,,,
Net Income From Continuing Operations,3128000000.0,-3335000000.0,-2388000000.0,2340000000.0,5555000000.0,PFE,,,,,
