metric,2023-12-31 00:00:00,2023-09-30 00:00:00,2023-06-30 00:00:00,2023-03-31 00:00:00,stock,2023-11-30 00:00:00,2023-08-31 00:00:00,2023-05-31 00:00:00,2023-02-28 00:00:00
Tax Effect Of Unusual Items,66947573.898494,-2700000.0,22890000.0,-30160000.0,PYPL,,,,
Tax Rate For Calcs,0.21807,0.18,0.21,0.26,PYPL,,,,
Normalized EBITDA,1836000000.0,1612000000.0,1550000000.0,1547000000.0,PYPL,,,,
Total Unusual Items,307000000.0,-15000000.0,109000000.0,-116000000.0,PYPL,,,,
Total Unusual Items Excluding Goodwill,307000000.0,-15000000.0,109000000.0,-116000000.0,PYPL,,,,
Net Income From Continuing Operation Net Minority Interest,1402000000.0,1020000000.0,1029000000.0,795000000.0,PYPL,,,,
Reconciled Depreciation,263000000.0,270000000.0,269000000.0,270000000.0,PYPL,,,,
Reconciled Cost Of Revenue,4354000000.0,4049000000.0,3939000000.0,3725000000.0,PYPL,,,,
EBITDA,2143000000.0,1597000000.0,1659000000.0,1431000000.0,PYPL,,,,
EBIT,1880000000.0,1327000000.0,1390000000.0,1161000000.0,PYPL,,,,
Net Interest Income,45000000.0,38000000.0,29000000.0,21000000.0,PYPL,,,,
Interest Expense,87000000.0,86000000.0,87000000.0,87000000.0,PYPL,,,,
Interest Income,132000000.0,124000000.0,116000000.0,108000000.0,PYPL,,,,
Normalized Income,1161947573.898494,1032300000.0,942890000.0,880840000.0,PYPL,,,,
Net Income From Continuing And Discontinued Operation,1402000000.0,1020000000.0,1029000000.0,795000000.0,PYPL,,,,
Total Expenses,6609000000.0,6211000000.0,6130000000.0,5877000000.0,PYPL,,,,
Total Operating Income As Reported,1728000000.0,1168000000.0,1133000000.0,999000000.0,PYPL,,,,
Diluted Average Shares,,1098000000.0,1114000000.0,1134000000.0,PYPL,,,,
Basic Average Shares,,1094000000.0,1111000000.0,1129000000.0,PYPL,,,,
Diluted EPS,,0.93,0.92,0.7,PYPL,,,,
Basic EPS,,0.93,0.93,0.7,PYPL,,,,
Diluted NI Availto Com Stockholders,1402000000.0,1020000000.0,1029000000.0,795000000.0,PYPL,,,,
Net Income Common Stockholders,1402000000.0,1020000000.0,1029000000.0,795000000.0,PYPL,,,,
Net Income,1402000000.0,1020000000.0,1029000000.0,795000000.0,PYPL,,,,
Net Income Including Noncontrolling Interests,1402000000.0,1020000000.0,1029000000.0,795000000.0,PYPL,,,,
Net Income Continuous Operations,1402000000.0,1020000000.0,1029000000.0,795000000.0,PYPL,,,,
Tax Provision,391000000.0,221000000.0,274000000.0,279000000.0,PYPL,,,,
Pretax Income,1793000000.0,1241000000.0,1303000000.0,1074000000.0,PYPL,,,,
Other Income Expense,331000000.0,-4000000.0,117000000.0,-110000000.0,PYPL,,,,
Other Non Operating Income Expenses,24000000.0,11000000.0,8000000.0,6000000.0,PYPL,,,,
Special Income Charges,311000000.0,-39000000.0,-24000000.0,-164000000.0,PYPL,,,,
Restructuring And Mergern Acquisition,-311000000.0,39000000.0,24000000.0,164000000.0,PYPL,,,,
Gain On Sale Of Security,-4000000.0,24000000.0,133000000.0,48000000.0,PYPL,,,,
Net Non Operating Interest Income Expense,45000000.0,38000000.0,29000000.0,21000000.0,PYPL,,,,
Interest Expense Non Operating,87000000.0,86000000.0,87000000.0,87000000.0,PYPL,,,,
Interest Income Non Operating,132000000.0,124000000.0,116000000.0,108000000.0,PYPL,,,,
Operating Income,1417000000.0,1207000000.0,1157000000.0,1163000000.0,PYPL,,,,
Operating Expense,2255000000.0,2162000000.0,2191000000.0,2152000000.0,PYPL,,,,
Other Operating Expenses,465000000.0,474000000.0,492000000.0,488000000.0,PYPL,,,,
Research And Development,770000000.0,739000000.0,743000000.0,721000000.0,PYPL,,,,
Selling General And Administration,1020000000.0,949000000.0,956000000.0,943000000.0,PYPL,,,,
Selling And Marketing Expense,466000000.0,442000000.0,465000000.0,436000000.0,PYPL,,,,
General And Administrative Expense,554000000.0,507000000.0,491000000.0,507000000.0,PYPL,,,,
Other Gand A,554000000.0,507000000.0,491000000.0,507000000.0,PYPL,,,,
Gross Profit,3672000000.0,3369000000.0,3348000000.0,3315000000.0,PYPL,,,,
Cost Of Revenue,4354000000.0,4049000000.0,3939000000.0,3725000000.0,PYPL,,,,
Total Revenue,8026000000.0,7418000000.0,7287000000.0,7040000000.0,PYPL,,,,
Operating Revenue,8026000000.0,7418000000.0,7287000000.0,7040000000.0,PYPL,,,,
Tax Effect Of Unusual Items,0.0,0.0,0.0,0.0,AAPL,,,,
Tax Rate For Calcs,0.159,0.149715,0.125,0.149,AAPL,,,,
Normalized EBITDA,43221000000.0,30653000000.0,26783000000.0,32210000000.0,AAPL,,,,
Net Income From Continuing Operation Net Minority Interest,33916000000.0,22956000000.0,19881000000.0,24160000000.0,AAPL,,,,
Reconciled Depreciation,2848000000.0,2653000000.0,3052000000.0,2898000000.0,AAPL,,,,
Reconciled Cost Of Revenue,64720000000.0,49071000000.0,45384000000.0,52860000000.0,AAPL,,,,
EBITDA,43221000000.0,30653000000.0,26783000000.0,32210000000.0,AAPL,,,,
EBIT,40373000000.0,28000000000.0,23731000000.0,29312000000.0,AAPL,,,,
Net Interest Income,,-18000000.0,-18000000.0,-12000000.0,AAPL,,,,
Interest Expense,,1002000000.0,998000000.0,930000000.0,AAPL,,,,
Interest Income,,984000000.0,980000000.0,918000000.0,AAPL,,,,
Normalized Income,33916000000.0,22956000000.0,19881000000.0,24160000000.0,AAPL,,,,
Net Income From Continuing And Discontinued Operation,33916000000.0,22956000000.0,19881000000.0,24160000000.0,AAPL,,,,
Total Expenses,79202000000.0,62529000000.0,58799000000.0,66518000000.0,AAPL,,,,
Total Operating Income As Reported,40373000000.0,26969000000.0,22998000000.0,28318000000.0,AAPL,,,,
Diluted Average Shares,15576641000.0,15672400000.0,15775021000.0,15847050000.0,AAPL,,,,
Basic Average Shares,15509763000.0,15599434000.0,15697614000.0,15787154000.0,AAPL,,,,
Diluted EPS,2.18,1.46,1.26,1.52,AAPL,,,,
Basic EPS,2.19,1.47,1.27,1.53,AAPL,,,,
Diluted NI Availto Com Stockholders,33916000000.0,22956000000.0,19881000000.0,24160000000.0,AAPL,,,,
Net Income Common Stockholders,33916000000.0,22956000000.0,19881000000.0,24160000000.0,AAPL,,,,
Net Income,33916000000.0,22956000000.0,19881000000.0,24160000000.0,AAPL,,,,
Net Income Including Noncontrolling Interests,33916000000.0,22956000000.0,19881000000.0,24160000000.0,AAPL,,,,
Net Income Continuous Operations,33916000000.0,22956000000.0,19881000000.0,24160000000.0,AAPL,,,,
Tax Provision,6407000000.0,4042000000.0,2852000000.0,4222000000.0,AAPL,,,,
Pretax Income,40323000000.0,26998000000.0,22733000000.0,28382000000.0,AAPL,,,,
Other Income Expense,-50000000.0,47000000.0,-247000000.0,76000000.0,AAPL,,,,
Other Non Operating Income Expenses,-50000000.0,47000000.0,-247000000.0,76000000.0,AAPL,,,,
Net Non Operating Interest Income Expense,,-18000000.0,-18000000.0,-12000000.0,AAPL,,,,
Interest Expense Non Operating,,1002000000.0,998000000.0,930000000.0,AAPL,,,,
Interest Income Non Operating,,984000000.0,980000000.0,918000000.0,AAPL,,,,
Operating Income,40373000000.0,26969000000.0,22998000000.0,28318000000.0,AAPL,,,,
Operating Expense,14482000000.0,13458000000.0,13415000000.0,13658000000.0,AAPL,,,,
Research And Development,7696000000.0,7307000000.0,7442000000.0,7457000000.0,AAPL,,,,
Selling General And Administration,6786000000.0,6151000000.0,5973000000.0,6201000000.0,AAPL,,,,
Gross Profit,54855000000.0,40427000000.0,36413000000.0,41976000000.0,AAPL,,,,
Cost Of Revenue,64720000000.0,49071000000.0,45384000000.0,52860000000.0,AAPL,,,,
Total Revenue,119575000000.0,89498000000.0,81797000000.0,94836000000.0,AAPL,,,,
Operating Revenue,119575000000.0,89498000000.0,81797000000.0,94836000000.0,AAPL,,,,
Tax Effect Of Unusual Items,-3780000.0,-3696000.0,-13328000.0,-11730000.0,F,,,,
Tax Rate For Calcs,0.21,0.154,0.119,0.23,F,,,,
Normalized EBITDA,219000000.0,3345000000.0,4302000000.0,4147000000.0,F,,,,
Total Unusual Items,-18000000.0,-24000000.0,-112000000.0,-51000000.0,F,,,,
Total Unusual Items Excluding Goodwill,-18000000.0,-24000000.0,-112000000.0,-51000000.0,F,,,,
Net Income From Continuing Operation Net Minority Interest,-526000000.0,1199000000.0,1917000000.0,1757000000.0,F,,,,
Reconciled Depreciation,1698000000.0,1604000000.0,1596000000.0,1625000000.0,F,,,,
Reconciled Cost Of Revenue,43432000000.0,40001000000.0,39743000000.0,36855000000.0,F,,,,
EBITDA,201000000.0,3321000000.0,4190000000.0,4096000000.0,F,,,,
EBIT,-1497000000.0,1717000000.0,2594000000.0,2471000000.0,F,,,,
Net Interest Income,63000000.0,84000000.0,66000000.0,36000000.0,F,,,,
Interest Expense,370000000.0,330000000.0,306000000.0,312000000.0,F,,,,
Interest Income,433000000.0,414000000.0,372000000.0,348000000.0,F,,,,
Normalized Income,-511780000.0,1219304000.0,2015672000.0,1796270000.0,F,,,,
Net Income From Continuing And Discontinued Operation,-526000000.0,1199000000.0,1917000000.0,1757000000.0,F,,,,
Total Expenses,46207000000.0,42672000000.0,42493000000.0,39361000000.0,F,,,,
Total Operating Income As Reported,-245000000.0,1129000000.0,2461000000.0,2113000000.0,F,,,,
Diluted Average Shares,,4050000000.0,4041000000.0,4029000000.0,F,,,,
Basic Average Shares,,4004000000.0,4003000000.0,3990000000.0,F,,,,
Diluted EPS,,0.3,0.47,0.44,F,,,,
Basic EPS,,0.3,0.48,0.44,F,,,,
Diluted NI Availto Com Stockholders,-526000000.0,1199000000.0,1917000000.0,1757000000.0,F,,,,
Net Income Common Stockholders,-526000000.0,1199000000.0,1917000000.0,1757000000.0,F,,,,
Net Income,-526000000.0,1199000000.0,1917000000.0,1757000000.0,F,,,,
Minority Interests,-3000000.0,26000000.0,-99000000.0,94000000.0,F,,,,
Net Income Including Noncontrolling Interests,-523000000.0,1173000000.0,2016000000.0,1663000000.0,F,,,,
Net Income Continuous Operations,-523000000.0,1173000000.0,2016000000.0,1663000000.0,F,,,,
Tax Provision,-1344000000.0,214000000.0,272000000.0,496000000.0,F,,,,
Pretax Income,-1867000000.0,1387000000.0,2288000000.0,2159000000.0,F,,,,
Other Income Expense,-1685000000.0,174000000.0,-239000000.0,10000000.0,F,,,,
Other Non Operating Income Expenses,-1802000000.0,-67000000.0,-16000000.0,-73000000.0,F,,,,
Special Income Charges,0.0,0.0,,,F,,,,
Earnings From Equity Interest,135000000.0,265000000.0,-111000000.0,134000000.0,F,,,,
Gain On Sale Of Security,-18000000.0,-24000000.0,-112000000.0,-51000000.0,F,,,,
Net Non Operating Interest Income Expense,63000000.0,84000000.0,66000000.0,36000000.0,F,,,,
Interest Expense Non Operating,370000000.0,330000000.0,306000000.0,312000000.0,F,,,,
Interest Income Non Operating,433000000.0,414000000.0,372000000.0,348000000.0,F,,,,
Operating Income,-245000000.0,1129000000.0,2461000000.0,2113000000.0,F,,,,
Operating Expense,2775000000.0,2671000000.0,2750000000.0,2506000000.0,F,,,,
Selling General And Administration,2775000000.0,2671000000.0,2750000000.0,2506000000.0,F,,,,
Gross Profit,2530000000.0,3800000000.0,5211000000.0,4619000000.0,F,,,,
Cost Of Revenue,43432000000.0,40001000000.0,39743000000.0,36855000000.0,F,,,,
Total Revenue,45962000000.0,43801000000.0,44954000000.0,41474000000.0,F,,,,
Operating Revenue,45962000000.0,43801000000.0,44954000000.0,41474000000.0,F,,,,
Tax Effect Of Unusual Items,127421538.461538,-59465483.234714,20936555.891239,28260869.565217,DAL,,,,
Tax Rate For Calcs,0.104615,0.271532,0.21148,0.282609,DAL,,,,
Normalized EBITDA,1264000000.0,1936000000.0,2421000000.0,-379000000.0,DAL,,,,
Total Unusual Items,1218000000.0,-219000000.0,99000000.0,100000000.0,DAL,,,,
Total Unusual Items Excluding Goodwill,1218000000.0,-219000000.0,99000000.0,100000000.0,DAL,,,,
Net Income From Continuing Operation Net Minority Interest,2037000000.0,1108000000.0,1827000000.0,-363000000.0,DAL,,,,
Reconciled Cost Of Revenue,11468000000.0,11888000000.0,11312000000.0,11901000000.0,DAL,,,,
EBITDA,2482000000.0,1717000000.0,2520000000.0,-279000000.0,DAL,,,,
EBIT,2482000000.0,1717000000.0,2520000000.0,-279000000.0,DAL,,,,
Net Interest Income,-207000000.0,-196000000.0,-203000000.0,-227000000.0,DAL,,,,
Interest Expense,207000000.0,196000000.0,203000000.0,227000000.0,DAL,,,,
Normalized Income,946421538.461538,1267534516.765286,1748936555.891239,-434739130.434783,DAL,,,,
Net Income From Continuing And Discontinued Operation,2037000000.0,1108000000.0,1827000000.0,-363000000.0,DAL,,,,
Total Expenses,12962000000.0,13565000000.0,13148000000.0,13036000000.0,DAL,,,,
Rent Expense Supplemental,820000000.0,810000000.0,749000000.0,716000000.0,DAL,,,,
Total Operating Income As Reported,1322000000.0,1984000000.0,2491000000.0,-277000000.0,DAL,,,,
Diluted Average Shares,,644000000.0,642000000.0,639000000.0,DAL,,,,
Basic Average Shares,,639000000.0,639000000.0,639000000.0,DAL,,,,
Diluted EPS,,1.72,2.84,-0.57,DAL,,,,
Basic EPS,,1.73,2.86,-0.57,DAL,,,,
Diluted NI Availto Com Stockholders,2037000000.0,1108000000.0,1827000000.0,-363000000.0,DAL,,,,
Net Income Common Stockholders,2037000000.0,1108000000.0,1827000000.0,-363000000.0,DAL,,,,
Net Income,2037000000.0,1108000000.0,1827000000.0,-363000000.0,DAL,,,,
Net Income Including Noncontrolling Interests,2037000000.0,1108000000.0,1827000000.0,-363000000.0,DAL,,,,
Net Income Continuous Operations,2037000000.0,1108000000.0,1827000000.0,-363000000.0,DAL,,,,
Tax Provision,238000000.0,413000000.0,490000000.0,-143000000.0,DAL,,,,
Pretax Income,2275000000.0,1521000000.0,2317000000.0,-506000000.0,DAL,,,,
Other Income Expense,1221000000.0,-206000000.0,90000000.0,-2000000.0,DAL,,,,
Other Non Operating Income Expenses,3000000.0,13000000.0,-9000000.0,-102000000.0,DAL,,,,
Special Income Charges,0.0,-13000000.0,-29000000.0,-22000000.0,DAL,,,,
Other Special Charges,0.0,13000000.0,29000000.0,22000000.0,DAL,,,,
Gain On Sale Of Security,1218000000.0,-206000000.0,128000000.0,122000000.0,DAL,,,,
Net Non Operating Interest Income Expense,-207000000.0,-196000000.0,-203000000.0,-227000000.0,DAL,,,,
Interest Expense Non Operating,207000000.0,196000000.0,203000000.0,227000000.0,DAL,,,,
Operating Income,1261000000.0,1923000000.0,2430000000.0,-277000000.0,DAL,,,,
Operating Expense,1494000000.0,1677000000.0,1836000000.0,1135000000.0,DAL,,,,
Other Operating Expenses,570000000.0,581000000.0,529000000.0,563000000.0,DAL,,,,
Selling General And Administration,924000000.0,1096000000.0,1307000000.0,572000000.0,DAL,,,,
Selling And Marketing Expense,564000000.0,618000000.0,651000000.0,500000000.0,DAL,,,,
General And Administrative Expense,360000000.0,478000000.0,656000000.0,72000000.0,DAL,,,,
Salaries And Wages,360000000.0,478000000.0,656000000.0,72000000.0,DAL,,,,
Gross Profit,2755000000.0,3600000000.0,4266000000.0,858000000.0,DAL,,,,
Cost Of Revenue,11468000000.0,11888000000.0,11312000000.0,11901000000.0,DAL,,,,
Total Revenue,14223000000.0,15488000000.0,15578000000.0,12759000000.0,DAL,,,,
Operating Revenue,12362000000.0,13273000000.0,13377000000.0,10620000000.0,DAL,,,,
Tax Effect Of Unusual Items,-3382883.669301,-515124.0,-363560.0,-1375286.0,PHM,,,,
Tax Rate For Calcs,0.249071,0.246,0.244,0.242,PHM,,,,
Normalized EBITDA,981581000.0,870089000.0,974688000.0,727051000.0,PHM,,,,
Total Unusual Items,-13582000.0,-2094000.0,-1490000.0,-5683000.0,PHM,,,,
Total Unusual Items Excluding Goodwill,-13582000.0,-2094000.0,-1490000.0,-5683000.0,PHM,,,,
Net Income From Continuing Operation Net Minority Interest,710993000.0,638775000.0,720345000.0,532259000.0,PHM,,,,
Reconciled Depreciation,21059000.0,20561000.0,20065000.0,19139000.0,PHM,,,,
Reconciled Cost Of Revenue,3025659000.0,2803096000.0,2918191000.0,2524863000.0,PHM,,,,
EBITDA,967999000.0,867995000.0,973198000.0,721368000.0,PHM,,,,
EBIT,946940000.0,847434000.0,953133000.0,702229000.0,PHM,,,,
Net Interest Income,19710000.0,19183000.0,15182000.0,6989000.0,PHM,,,,
Interest Expense,122000.0,120000.0,120000.0,107000.0,PHM,,,,
Interest Income,19832000.0,19303000.0,15302000.0,7096000.0,PHM,,,,
Normalized Income,721192116.330699,640353876.0,721471440.0,536566714.0,PHM,,,,
Net Income From Continuing And Discontinued Operation,710993000.0,638775000.0,720345000.0,532259000.0,PHM,,,,
Total Expenses,3355037000.0,3176824000.0,3252893000.0,2880520000.0,PHM,,,,
Diluted Average Shares,215763000.0,219682000.0,223392000.0,225957000.0,PHM,,,,
Basic Average Shares,214399000.0,218288000.0,222160000.0,225127000.0,PHM,,,,
Diluted EPS,3.28,2.9,3.21,2.35,PHM,,,,
Basic EPS,3.3,2.92,3.23,2.35,PHM,,,,
Diluted NI Availto Com Stockholders,708564000.0,636588000.0,717876000.0,529998000.0,PHM,,,,
Average Dilution Earnings,18000.0,17000.0,18000.0,13000.0,PHM,,,,
Net Income Common Stockholders,708546000.0,636571000.0,717858000.0,529985000.0,PHM,,,,
Otherunder Preferred Stock Dividend,2447000.0,2204000.0,2487000.0,2274000.0,PHM,,,,
Net Income,710993000.0,638775000.0,720345000.0,532259000.0,PHM,,,,
Net Income Including Noncontrolling Interests,710993000.0,638775000.0,720345000.0,532259000.0,PHM,,,,
Net Income Continuous Operations,710993000.0,638775000.0,720345000.0,532259000.0,PHM,,,,
Tax Provision,235825000.0,208539000.0,232668000.0,169863000.0,PHM,,,,
Pretax Income,946818000.0,847314000.0,953013000.0,702122000.0,PHM,,,,
Other Income Expense,-11507000.0,1422000.0,1971000.0,12000.0,PHM,,,,
Other Non Operating Income Expenses,1862000.0,2625000.0,2517000.0,3182000.0,PHM,,,,
Special Income Charges,-13582000.0,-2094000.0,-1490000.0,-5683000.0,PHM,,,,
Other Special Charges,-301000.0,-362000.0,,,PHM,,,,
Write Off,13883000.0,2456000.0,1490000.0,5683000.0,PHM,,,,
Earnings From Equity Interest,213000.0,891000.0,944000.0,2513000.0,PHM,,,,
Net Non Operating Interest Income Expense,19710000.0,19183000.0,15182000.0,6989000.0,PHM,,,,
Interest Expense Non Operating,122000.0,120000.0,120000.0,107000.0,PHM,,,,
Interest Income Non Operating,19832000.0,19303000.0,15302000.0,7096000.0,PHM,,,,
Operating Income,938615000.0,826709000.0,935860000.0,695121000.0,PHM,,,,
Operating Expense,310942000.0,355790000.0,317260000.0,339188000.0,PHM,,,,
Depreciation Amortization Depletion Income Statement,2623000.0,2623000.0,2623000.0,2670000.0,PHM,,,,
Depreciation And Amortization In Income Statement,2623000.0,2623000.0,2623000.0,2670000.0,PHM,,,,
Amortization,2623000.0,2623000.0,2623000.0,2670000.0,PHM,,,,
Amortization Of Intangibles Income Statement,2623000.0,2623000.0,2623000.0,2670000.0,PHM,,,,
Selling General And Administration,308319000.0,353167000.0,314637000.0,336518000.0,PHM,,,,
Gross Profit,1249557000.0,1182499000.0,1253120000.0,1034309000.0,PHM,,,,
Cost Of Revenue,3044095000.0,2821034000.0,2935633000.0,2541332000.0,PHM,,,,
Total Revenue,4293652000.0,4003533000.0,4188753000.0,3575641000.0,PHM,,,,
Operating Revenue,4293652000.0,4003533000.0,4188753000.0,3575641000.0,PHM,,,,
Tax Effect Of Unusual Items,,17398283.948044,30253476.474352,-2671227.528986,PDD,,,,
Tax Rate For Calcs,,0.18341,0.194285,0.166567,PDD,,,,
Normalized EBITDA,,19073761000.0,16112967000.0,9620137000.0,PDD,,,,
Total Unusual Items,,94860000.0,155717000.0,-16037000.0,PDD,,,,
Total Unusual Items Excluding Goodwill,,94860000.0,155717000.0,-16037000.0,PDD,,,,
Net Income From Continuing Operation Net Minority Interest,,15537122000.0,13108086000.0,8101027000.0,PDD,,,,
Reconciled Cost Of Revenue,,26830233000.0,18689787000.0,11125285000.0,PDD,,,,
EBITDA,,19168621000.0,16268684000.0,9604100000.0,PDD,,,,
EBIT,,19168621000.0,16268684000.0,9604100000.0,PDD,,,,
Net Interest Income,,2115148000.0,2275804000.0,1451912000.0,PDD,,,,
Interest Expense,,12208000.0,11937000.0,11687000.0,PDD,,,,
Interest Income,,2127356000.0,2287741000.0,1463599000.0,PDD,,,,
Normalized Income,,15459660283.948044,12982622476.474352,8114392772.471014,PDD,,,,
Net Income From Continuing And Discontinued Operation,,15537122000.0,13108086000.0,8101027000.0,PDD,,,,
Total Expenses,,52184350000.0,39561993000.0,30708032000.0,PDD,,,,
Total Operating Income As Reported,,16656021000.0,12718755000.0,6929018000.0,PDD,,,,
Diluted Average Shares,,1466275500.0,1458337000.0,1462594500.0,PDD,,,,
Basic Average Shares,,1365635500.0,1359598500.0,1320680000.0,PDD,,,,
Diluted EPS,,10.6,9.0,5.56,PDD,,,,
Basic EPS,,11.36,9.64,6.12,PDD,,,,
Diluted NI Availto Com Stockholders,,15537122000.0,13108086000.0,8101027000.0,PDD,,,,
Net Income Common Stockholders,,15537122000.0,13108086000.0,8101027000.0,PDD,,,,
Net Income,,15537122000.0,13108086000.0,8101027000.0,PDD,,,,
Net Income Including Noncontrolling Interests,,15537122000.0,13108086000.0,8101027000.0,PDD,,,,
Net Income Continuous Operations,,15537122000.0,13108086000.0,8101027000.0,PDD,,,,
Earnings From Equity Interest Net Of Tax,,-105811000.0,9781000.0,106389000.0,PDD,,,,
Tax Provision,,3513480000.0,3158442000.0,1597775000.0,PDD,,,,
Pretax Income,,19156413000.0,16256747000.0,9592413000.0,PDD,,,,
Other Income Expense,,385244000.0,1262188000.0,1211483000.0,PDD,,,,
Other Non Operating Income Expenses,,290384000.0,1106471000.0,1227520000.0,PDD,,,,
Gain On Sale Of Security,,94860000.0,155717000.0,-16037000.0,PDD,,,,
Net Non Operating Interest Income Expense,,2115148000.0,2275804000.0,1451912000.0,PDD,,,,
Interest Expense Non Operating,,12208000.0,11937000.0,11687000.0,PDD,,,,
Interest Income Non Operating,,2127356000.0,2287741000.0,1463599000.0,PDD,,,,
Operating Income,,16656021000.0,12718755000.0,6929018000.0,PDD,,,,
Operating Expense,,25354117000.0,20872206000.0,19582747000.0,PDD,,,,
Research And Development,,2847323000.0,2733964000.0,2506657000.0,PDD,,,,
Selling General And Administration,,22506794000.0,18138242000.0,17076090000.0,PDD,,,,
Selling And Marketing Expense,,21748449000.0,17542209000.0,16259688000.0,PDD,,,,
General And Administrative Expense,,758345000.0,596033000.0,816402000.0,PDD,,,,
Other Gand A,,758345000.0,596033000.0,816402000.0,PDD,,,,
Salaries And Wages,,,1215125000.0,,PDD,,,,
Gross Profit,,42010138000.0,33590961000.0,26511765000.0,PDD,,,,
Cost Of Revenue,,26830233000.0,18689787000.0,11125285000.0,PDD,,,,
Total Revenue,,68840371000.0,52280748000.0,37637050000.0,PDD,,,,
Operating Revenue,,68840371000.0,52280748000.0,37637050000.0,PDD,,,,
Tax Effect Of Unusual Items,0.0,0.0,0.0,0.0,GM,,,,
Tax Rate For Calcs,0.21,0.136,0.172,0.154,GM,,,,
Normalized EBITDA,4508000000.0,6685000000.0,6189000000.0,5821000000.0,GM,,,,
Net Income From Continuing Operation Net Minority Interest,2101000000.0,3064000000.0,2566000000.0,2395000000.0,GM,,,,
Reconciled Depreciation,3150000000.0,2992000000.0,2934000000.0,2812000000.0,GM,,,,
Reconciled Cost Of Revenue,39670000000.0,38775000000.0,39400000000.0,34859000000.0,GM,,,,
EBITDA,4508000000.0,6685000000.0,6189000000.0,5821000000.0,GM,,,,
EBIT,1358000000.0,3693000000.0,3255000000.0,3009000000.0,GM,,,,
Net Interest Income,-332000000.0,224000000.0,132000000.0,175000000.0,GM,,,,
Interest Expense,222000000.0,229000000.0,226000000.0,234000000.0,GM,,,,
Interest Income,-110000000.0,453000000.0,358000000.0,409000000.0,GM,,,,
Normalized Income,2101000000.0,3064000000.0,2566000000.0,2395000000.0,GM,,,,
Net Income From Continuing And Discontinued Operation,2101000000.0,3064000000.0,2566000000.0,2395000000.0,GM,,,,
Total Expenses,42061000000.0,41119000000.0,41958000000.0,37406000000.0,GM,,,,
Total Operating Income As Reported,918000000.0,3013000000.0,2789000000.0,2578000000.0,GM,,,,
Diluted Average Shares,,1378000000.0,1389000000.0,1402000000.0,GM,,,,
Basic Average Shares,,1372000000.0,1385000000.0,1396000000.0,GM,,,,
Diluted EPS,,2.2,1.83,1.69,GM,,,,
Basic EPS,,2.21,1.83,1.7,GM,,,,
Diluted NI Availto Com Stockholders,2076000000.0,3038000000.0,2540000000.0,2369000000.0,GM,,,,
Net Income Common Stockholders,2076000000.0,3038000000.0,2540000000.0,2369000000.0,GM,,,,
Preferred Stock Dividends,26000000.0,26000000.0,27000000.0,27000000.0,GM,,,,
Net Income,2101000000.0,3064000000.0,2566000000.0,2395000000.0,GM,,,,
Minority Interests,108000000.0,70000000.0,59000000.0,49000000.0,GM,,,,
Net Income Including Noncontrolling Interests,1994000000.0,2994000000.0,2507000000.0,2346000000.0,GM,,,,
Net Income Continuous Operations,1994000000.0,2994000000.0,2507000000.0,2346000000.0,GM,,,,
Tax Provision,-858000000.0,470000000.0,522000000.0,428000000.0,GM,,,,
Pretax Income,1136000000.0,3464000000.0,3029000000.0,2775000000.0,GM,,,,
Other Income Expense,551000000.0,227000000.0,108000000.0,21000000.0,GM,,,,
Earnings From Equity Interest,123000000.0,227000000.0,108000000.0,21000000.0,GM,,,,
Net Non Operating Interest Income Expense,-332000000.0,224000000.0,132000000.0,175000000.0,GM,,,,
Interest Expense Non Operating,222000000.0,229000000.0,226000000.0,234000000.0,GM,,,,
Interest Income Non Operating,-110000000.0,453000000.0,358000000.0,409000000.0,GM,,,,
Operating Income,918000000.0,3012000000.0,2789000000.0,2579000000.0,GM,,,,
Operating Expense,2391000000.0,2344000000.0,2558000000.0,2547000000.0,GM,,,,
Selling General And Administration,2391000000.0,2344000000.0,2558000000.0,2547000000.0,GM,,,,
Gross Profit,3309000000.0,5356000000.0,5347000000.0,5126000000.0,GM,,,,
Cost Of Revenue,39670000000.0,38775000000.0,39400000000.0,34859000000.0,GM,,,,
Total Revenue,42979000000.0,44131000000.0,44747000000.0,39985000000.0,GM,,,,
Operating Revenue,42979000000.0,44131000000.0,44747000000.0,39985000000.0,GM,,,,
Tax Effect Of Unusual Items,-1890000.0,-199427536.231884,0.0,-4410000.0,AAL,,,,
Tax Rate For Calcs,0.21,0.210145,0.241066,0.21,AAL,,,,
Normalized EBITDA,560000000.0,796000000.0,2311000000.0,578000000.0,AAL,,,,
Total Unusual Items,-9000000.0,-949000000.0,,-21000000.0,AAL,,,,
Total Unusual Items Excluding Goodwill,-9000000.0,-949000000.0,,-21000000.0,AAL,,,,
Net Income From Continuing Operation Net Minority Interest,19000000.0,-545000000.0,1338000000.0,10000000.0,AAL,,,,
Reconciled Cost Of Revenue,10436000000.0,10795000000.0,9908000000.0,9840000000.0,AAL,,,,
EBITDA,551000000.0,-153000000.0,2311000000.0,557000000.0,AAL,,,,
EBIT,551000000.0,-153000000.0,2311000000.0,557000000.0,AAL,,,,
Net Interest Income,-384000000.0,-369000000.0,-386000000.0,-415000000.0,AAL,,,,
Interest Expense,519000000.0,537000000.0,548000000.0,540000000.0,AAL,,,,
Interest Income,135000000.0,168000000.0,162000000.0,125000000.0,AAL,,,,
Normalized Income,26110000.0,204572463.768116,1338000000.0,26590000.0,AAL,,,,
Net Income From Continuing And Discontinued Operation,19000000.0,-545000000.0,1338000000.0,10000000.0,AAL,,,,
Total Expenses,12397000000.0,12756000000.0,11892000000.0,11730000000.0,AAL,,,,
Rent Expense Supplemental,1052000000.0,1087000000.0,1106000000.0,1052000000.0,AAL,,,,
Total Operating Income As Reported,656000000.0,-223000000.0,2163000000.0,438000000.0,AAL,,,,
Diluted Average Shares,,654119000.0,719345000.0,656707000.0,AAL,,,,
Basic Average Shares,,654119000.0,653602000.0,652000000.0,AAL,,,,
Diluted EPS,,-0.83,1.88,0.02,AAL,,,,
Basic EPS,,-0.83,2.05,0.02,AAL,,,,
Diluted NI Availto Com Stockholders,-14000000.0,-545000000.0,1338000000.0,10000000.0,AAL,,,,
Average Dilution Earnings,,0.0,,,AAL,,,,
Net Income Common Stockholders,19000000.0,-545000000.0,1338000000.0,10000000.0,AAL,,,,
Net Income,19000000.0,-545000000.0,1338000000.0,10000000.0,AAL,,,,
Net Income Including Noncontrolling Interests,19000000.0,-545000000.0,1338000000.0,10000000.0,AAL,,,,
Net Income Continuous Operations,19000000.0,-545000000.0,1338000000.0,10000000.0,AAL,,,,
Tax Provision,13000000.0,-145000000.0,425000000.0,7000000.0,AAL,,,,
Pretax Income,32000000.0,-690000000.0,1763000000.0,17000000.0,AAL,,,,
Other Income Expense,-249000000.0,-1047000000.0,-14000000.0,-27000000.0,AAL,,,,
Other Non Operating Income Expenses,-240000000.0,-98000000.0,-14000000.0,-6000000.0,AAL,,,,
Special Income Charges,-9000000.0,-949000000.0,,-21000000.0,AAL,,,,
Other Special Charges,7000000.0,949000000.0,,,AAL,,,,
Impairment Of Capital Assets,0.0,0.0,,0.0,AAL,,,,
Restructuring And Mergern Acquisition,2000000.0,0.0,,21000000.0,AAL,,,,
Net Non Operating Interest Income Expense,-384000000.0,-369000000.0,-386000000.0,-415000000.0,AAL,,,,
Interest Expense Non Operating,519000000.0,537000000.0,548000000.0,540000000.0,AAL,,,,
Interest Income Non Operating,135000000.0,168000000.0,162000000.0,125000000.0,AAL,,,,
Operating Income,665000000.0,726000000.0,2163000000.0,459000000.0,AAL,,,,
Operating Expense,1961000000.0,1961000000.0,1984000000.0,1890000000.0,AAL,,,,
Other Operating Expenses,1519000000.0,1531000000.0,1495000000.0,1452000000.0,AAL,,,,
Selling General And Administration,442000000.0,430000000.0,489000000.0,438000000.0,AAL,,,,
Selling And Marketing Expense,442000000.0,430000000.0,489000000.0,438000000.0,AAL,,,,
Gross Profit,2626000000.0,2687000000.0,4147000000.0,2349000000.0,AAL,,,,
Cost Of Revenue,10436000000.0,10795000000.0,9908000000.0,9840000000.0,AAL,,,,
Total Revenue,13062000000.0,13482000000.0,14055000000.0,12189000000.0,AAL,,,,
Operating Revenue,12209000000.0,12614000000.0,13175000000.0,11326000000.0,AAL,,,,
Tax Effect Of Unusual Items,,,,,KBH,0.0,0.0,0.0,0.0
Tax Rate For Calcs,,,,,KBH,0.246992,0.229,0.235,0.226
Normalized EBITDA,,,,,KBH,197949000.0,194230000.0,217148000.0,169620000.0
Total Unusual Items,,,,,KBH,0.0,0.0,,
Total Unusual Items Excluding Goodwill,,,,,KBH,0.0,0.0,,
Net Income From Continuing Operation Net Minority Interest,,,,,KBH,150302000.0,149933000.0,164442000.0,125500000.0
Reconciled Depreciation,,,,,KBH,9427000.0,9226000.0,9048000.0,8712000.0
Reconciled Cost Of Revenue,,,,,KBH,1321882000.0,1241910000.0,1388030000.0,1084179000.0
EBITDA,,,,,KBH,197949000.0,194230000.0,217148000.0,169620000.0
EBIT,,,,,KBH,188522000.0,185004000.0,208100000.0,160908000.0
Net Interest Income,,,,,KBH,6071000.0,5492000.0,1729000.0,467000.0
Interest Income,,,,,KBH,6071000.0,5492000.0,1729000.0,467000.0
Normalized Income,,,,,KBH,150302000.0,149933000.0,164442000.0,125500000.0
Net Income From Continuing And Discontinued Operation,,,,,KBH,150302000.0,149933000.0,164442000.0,125500000.0
Total Expenses,,,,,KBH,1485466000.0,1402007000.0,1557216000.0,1223406000.0
Total Operating Income As Reported,,,,,KBH,180904000.0,179242000.0,202102000.0,156489000.0
Diluted Average Shares,,,,,KBH,80511000.0,82732000.0,84306000.0,85995000.0
Basic Average Shares,,,,,KBH,77986000.0,80175000.0,81764000.0,83468000.0
Diluted EPS,,,,,KBH,1.85,1.8,1.94,1.45
Basic EPS,,,,,KBH,1.91,1.86,2.0,1.49
Diluted NI Availto Com Stockholders,,,,,KBH,149206000.0,148846000.0,163266000.0,124659000.0
Average Dilution Earnings,,,,,KBH,32000.0,31000.0,34000.0,23000.0
Net Income Common Stockholders,,,,,KBH,149174000.0,148815000.0,163232000.0,124636000.0
Otherunder Preferred Stock Dividend,,,,,KBH,1128000.0,1118000.0,1210000.0,864000.0
Net Income,,,,,KBH,150302000.0,149933000.0,164442000.0,125500000.0
Net Income Including Noncontrolling Interests,,,,,KBH,150302000.0,149933000.0,164442000.0,125500000.0
Net Income Continuous Operations,,,,,KBH,150302000.0,149933000.0,164442000.0,125500000.0
Tax Provision,,,,,KBH,49300000.0,44600000.0,50500000.0,36700000.0
Pretax Income,,,,,KBH,199602000.0,194533000.0,214942000.0,162200000.0
Other Income Expense,,,,,KBH,5009000.0,4037000.0,5113000.0,825000.0
Special Income Charges,,,,,KBH,0.0,0.0,,
Earnings From Equity Interest,,,,,KBH,5009000.0,4037000.0,5113000.0,825000.0
Net Non Operating Interest Income Expense,,,,,KBH,6071000.0,5492000.0,1729000.0,467000.0
Interest Income Non Operating,,,,,KBH,6071000.0,5492000.0,1729000.0,467000.0
Operating Income,,,,,KBH,188522000.0,185004000.0,208100000.0,160908000.0
Operating Expense,,,,,KBH,163584000.0,160097000.0,169186000.0,139227000.0
Selling General And Administration,,,,,KBH,163584000.0,160097000.0,169186000.0,139227000.0
General And Administrative Expense,,,,,KBH,,160097000.0,169186000.0,139227000.0
Other Gand A,,,,,KBH,,160097000.0,169186000.0,139227000.0
Gross Profit,,,,,KBH,352106000.0,345101000.0,377286000.0,300135000.0
Cost Of Revenue,,,,,KBH,1321882000.0,1241910000.0,1388030000.0,1084179000.0
Total Revenue,,,,,KBH,1673988000.0,1587011000.0,1765316000.0,1384314000.0
Operating Revenue,,,,,KBH,1673988000.0,1587011000.0,1765316000.0,1384314000.0
Tax Effect Of Unusual Items,1545454.545455,4440000.0,2290000.0,3080000.0,LUV,,,,
Tax Rate For Calcs,0.118881,0.185,0.229,0.22,LUV,,,,
Normalized EBITDA,174000000.0,647000000.0,1303000000.0,206000000.0,LUV,,,,
Total Unusual Items,13000000.0,24000000.0,10000000.0,14000000.0,LUV,,,,
Total Unusual Items Excluding Goodwill,13000000.0,24000000.0,10000000.0,14000000.0,LUV,,,,
Net Income From Continuing Operation Net Minority Interest,-252000000.0,193000000.0,683000000.0,-159000000.0,LUV,,,,
Reconciled Depreciation,415000000.0,375000000.0,367000000.0,365000000.0,LUV,,,,
Reconciled Cost Of Revenue,6096000000.0,5450000000.0,5286000000.0,5038000000.0,LUV,,,,
EBITDA,187000000.0,671000000.0,1313000000.0,220000000.0,LUV,,,,
EBIT,-228000000.0,296000000.0,946000000.0,-145000000.0,LUV,,,,
Net Interest Income,100000000.0,97000000.0,84000000.0,65000000.0,LUV,,,,
Interest Expense,58000000.0,59000000.0,60000000.0,60000000.0,LUV,,,,
Interest Income,158000000.0,156000000.0,144000000.0,125000000.0,LUV,,,,
Normalized Income,-263454545.454545,173440000.0,675290000.0,-169920000.0,LUV,,,,
Net Income From Continuing And Discontinued Operation,-252000000.0,193000000.0,683000000.0,-159000000.0,LUV,,,,
Total Expenses,7227000000.0,6408000000.0,6242000000.0,5990000000.0,LUV,,,,
Rent Expense Supplemental,465000000.0,457000000.0,459000000.0,408000000.0,LUV,,,,
Total Operating Income As Reported,-404000000.0,117000000.0,795000000.0,-284000000.0,LUV,,,,
Diluted Average Shares,596000000.0,640000000.0,639000000.0,594000000.0,LUV,,,,
Basic Average Shares,596000000.0,596000000.0,595000000.0,594000000.0,LUV,,,,
Diluted EPS,-0.37,0.31,1.08,-0.27,LUV,,,,
Basic EPS,-0.37,0.32,1.15,-0.27,LUV,,,,
Diluted NI Availto Com Stockholders,-233000000.0,193000000.0,688000000.0,-159000000.0,LUV,,,,
Net Income Common Stockholders,-233000000.0,193000000.0,688000000.0,-159000000.0,LUV,,,,
Otherunder Preferred Stock Dividend,,,-5000000.0,0.0,LUV,,,,
Net Income,-252000000.0,193000000.0,683000000.0,-159000000.0,LUV,,,,
Net Income Including Noncontrolling Interests,-252000000.0,193000000.0,683000000.0,-159000000.0,LUV,,,,
Net Income Continuous Operations,-252000000.0,193000000.0,683000000.0,-159000000.0,LUV,,,,
Tax Provision,-34000000.0,44000000.0,203000000.0,-46000000.0,LUV,,,,
Pretax Income,-286000000.0,237000000.0,886000000.0,-205000000.0,LUV,,,,
Other Income Expense,18000000.0,23000000.0,7000000.0,14000000.0,LUV,,,,
Other Non Operating Income Expenses,5000000.0,-1000000.0,-3000000.0,,LUV,,,,
Special Income Charges,0.0,0.0,0.0,0.0,LUV,,,,
Gain On Sale Of Security,13000000.0,24000000.0,10000000.0,14000000.0,LUV,,,,
Net Non Operating Interest Income Expense,100000000.0,97000000.0,84000000.0,65000000.0,LUV,,,,
Interest Expense Non Operating,58000000.0,59000000.0,60000000.0,60000000.0,LUV,,,,
Interest Income Non Operating,158000000.0,156000000.0,144000000.0,125000000.0,LUV,,,,
Operating Income,-404000000.0,117000000.0,795000000.0,-284000000.0,LUV,,,,
Operating Expense,1131000000.0,958000000.0,956000000.0,952000000.0,LUV,,,,
Other Operating Expenses,1131000000.0,958000000.0,956000000.0,952000000.0,LUV,,,,
Gross Profit,727000000.0,1075000000.0,1751000000.0,668000000.0,LUV,,,,
Cost Of Revenue,6096000000.0,5450000000.0,5286000000.0,5038000000.0,LUV,,,,
Total Revenue,6823000000.0,6525000000.0,7037000000.0,5706000000.0,LUV,,,,
Operating Revenue,6255000000.0,5956000000.0,6456000000.0,5146000000.0,LUV,,,,
Tax Effect Of Unusual Items,-550925.846684,-3741780.0,-9092580.0,-2527777.777778,BATRA,,,,
Tax Rate For Calcs,0.155717,0.21,0.21,0.180556,BATRA,,,,
Normalized EBITDA,-9367000.0,50970000.0,51224000.0,-34000000.0,BATRA,,,,
Total Unusual Items,-3538000.0,-17818000.0,-43298000.0,-14000000.0,BATRA,,,,
Total Unusual Items Excluding Goodwill,-3538000.0,-17818000.0,-43298000.0,-14000000.0,BATRA,,,,
Net Income From Continuing Operation Net Minority Interest,-32358000.0,-6047000.0,-28913000.0,-59000000.0,BATRA,,,,
Reconciled Depreciation,15765000.0,21286000.0,18929000.0,15000000.0,BATRA,,,,
Reconciled Cost Of Revenue,54350000.0,200442000.0,198052000.0,,BATRA,,,,
EBITDA,-12905000.0,33152000.0,7926000.0,-48000000.0,BATRA,,,,
EBIT,-28670000.0,11866000.0,-11324000.0,-63000000.0,BATRA,,,,
Net Interest Income,-9656000.0,-9657000.0,-9448000.0,-9000000.0,BATRA,,,,
Interest Expense,9656000.0,9657000.0,9448000.0,9000000.0,BATRA,,,,
Normalized Income,-29370925.846684,8029220.0,5292420.0,-47527777.777778,BATRA,,,,
Net Income From Continuing And Discontinued Operation,-32358000.0,-6047000.0,-28913000.0,-59000000.0,BATRA,,,,
Total Expenses,100114000.0,256074000.0,250424000.0,80000000.0,BATRA,,,,
Total Operating Income As Reported,-32366000.0,15716000.0,19467000.0,-49000000.0,BATRA,,,,
Diluted Average Shares,,60470000.0,61719290.0,53105022.0,BATRA,,,,
Basic Average Shares,,60470000.0,61719290.0,53105022.0,BATRA,,,,
Diluted EPS,,-0.1,-0.54436,-1.111006,BATRA,,,,
Basic EPS,,-0.1,-0.54436,-1.111006,BATRA,,,,
Diluted NI Availto Com Stockholders,-32358000.0,-6047000.0,-28913000.0,-59000000.0,BATRA,,,,
Net Income Common Stockholders,-32358000.0,-6047000.0,-28913000.0,-59000000.0,BATRA,,,,
Net Income,-32358000.0,-6047000.0,-28913000.0,-59000000.0,BATRA,,,,
Minority Interests,,,,0.0,BATRA,,,,
Net Income Including Noncontrolling Interests,-32358000.0,-6047000.0,-28913000.0,-59000000.0,BATRA,,,,
Net Income Continuous Operations,-32358000.0,-6047000.0,-28913000.0,-59000000.0,BATRA,,,,
Tax Provision,-5968000.0,8256000.0,8141000.0,-13000000.0,BATRA,,,,
Pretax Income,-38326000.0,2209000.0,-20772000.0,-72000000.0,BATRA,,,,
Other Income Expense,3696000.0,-3884000.0,-31023000.0,-14000000.0,BATRA,,,,
Other Non Operating Income Expenses,3633000.0,1209000.0,813000.0,1000000.0,BATRA,,,,
Special Income Charges,-209000.0,-19000.0,2271000.0,,BATRA,,,,
Gain On Sale Of Ppe,-209000.0,15000.0,2503000.0,,BATRA,,,,
Impairment Of Capital Assets,0.0,34000.0,232000.0,,BATRA,,,,
Earnings From Equity Interest,3601000.0,12725000.0,11462000.0,-1000000.0,BATRA,,,,
Gain On Sale Of Security,-3329000.0,-17799000.0,-45569000.0,-14000000.0,BATRA,,,,
Net Non Operating Interest Income Expense,-9656000.0,-9657000.0,-9448000.0,-9000000.0,BATRA,,,,
Interest Expense Non Operating,9656000.0,9657000.0,9448000.0,9000000.0,BATRA,,,,
Operating Income,-32366000.0,15750000.0,19699000.0,-49000000.0,BATRA,,,,
Operating Expense,45764000.0,55632000.0,52693000.0,80000000.0,BATRA,,,,
Other Operating Expenses,,,,39000000.0,BATRA,,,,
Depreciation Amortization Depletion Income Statement,15765000.0,21286000.0,19250000.0,15000000.0,BATRA,,,,
Depreciation And Amortization In Income Statement,15765000.0,21286000.0,19250000.0,15000000.0,BATRA,,,,
Selling General And Administration,29999000.0,34346000.0,33443000.0,26000000.0,BATRA,,,,
Gross Profit,13398000.0,71382000.0,72392000.0,,BATRA,,,,
Cost Of Revenue,54350000.0,200442000.0,197731000.0,,BATRA,,,,
Total Revenue,67748000.0,271824000.0,270123000.0,31000000.0,BATRA,,,,
Operating Revenue,67748000.0,271824000.0,270123000.0,0.0,BATRA,,,,
Tax Effect Of Unusual Items,0.0,-317351539.225422,-537600000.0,-897000.0,DIS,,,,
Tax Rate For Calcs,0.251,0.310824,0.21,0.299,DIS,,,,
Normalized EBITDA,4642000000.0,3938000000.0,4273000000.0,3940000000.0,DIS,,,,
Total Unusual Items,0.0,-1021000000.0,-2560000000.0,-3000000.0,DIS,,,,
Total Unusual Items Excluding Goodwill,0.0,-1021000000.0,-2560000000.0,-3000000.0,DIS,,,,
Net Income From Continuing Operation Net Minority Interest,1911000000.0,264000000.0,-460000000.0,1271000000.0,DIS,,,,
Reconciled Depreciation,1243000000.0,1409000000.0,1344000000.0,1310000000.0,DIS,,,,
Reconciled Cost Of Revenue,15587000000.0,13728000000.0,14471000000.0,14616000000.0,DIS,,,,
EBITDA,4642000000.0,2917000000.0,1713000000.0,3937000000.0,DIS,,,,
EBIT,3399000000.0,1508000000.0,369000000.0,2627000000.0,DIS,,,,
Net Interest Income,-246000000.0,-25000000.0,-392000000.0,-322000000.0,DIS,,,,
Interest Expense,528000000.0,501000000.0,503000000.0,504000000.0,DIS,,,,
Interest Income,282000000.0,476000000.0,111000000.0,182000000.0,DIS,,,,
Normalized Income,1911000000.0,967648460.774578,1562400000.0,1273103000.0,DIS,,,,
Net Income From Continuing And Discontinued Operation,1911000000.0,264000000.0,-460000000.0,1271000000.0,DIS,,,,
Total Expenses,20613000000.0,19158000000.0,19689000000.0,19540000000.0,DIS,,,,
Diluted Average Shares,1835000000.0,1833000000.0,1829000000.0,1831000000.0,DIS,,,,
Basic Average Shares,1832000000.0,1831000000.0,1829000000.0,1828000000.0,DIS,,,,
Diluted EPS,1.04,0.14,-0.25,0.69,DIS,,,,
Basic EPS,1.04,0.14,-0.25,0.7,DIS,,,,
Diluted NI Availto Com Stockholders,1911000000.0,264000000.0,-460000000.0,1271000000.0,DIS,,,,
Net Income Common Stockholders,1911000000.0,264000000.0,-460000000.0,1271000000.0,DIS,,,,
Net Income,1911000000.0,264000000.0,-460000000.0,1271000000.0,DIS,,,,
Minority Interests,-240000000.0,-430000000.0,-307000000.0,-217000000.0,DIS,,,,
Net Income Including Noncontrolling Interests,2151000000.0,694000000.0,-153000000.0,1488000000.0,DIS,,,,
Net Income Discontinuous Operations,,0.0,0.0,0.0,DIS,,,,
Net Income Continuous Operations,2151000000.0,694000000.0,-153000000.0,1488000000.0,DIS,,,,
Tax Provision,720000000.0,313000000.0,19000000.0,635000000.0,DIS,,,,
Pretax Income,2871000000.0,1007000000.0,-134000000.0,2123000000.0,DIS,,,,
Other Income Expense,181000000.0,-1051000000.0,-2383000000.0,170000000.0,DIS,,,,
Other Non Operating Income Expenses,,-257000000.0,-14000000.0,,DIS,,,,
Special Income Charges,0.0,-1021000000.0,-2650000000.0,-152000000.0,DIS,,,,
Restructuring And Mergern Acquisition,0.0,1021000000.0,2650000000.0,152000000.0,DIS,,,,
Earnings From Equity Interest,181000000.0,227000000.0,191000000.0,173000000.0,DIS,,,,
Gain On Sale Of Security,,0.0,90000000.0,149000000.0,DIS,,,,
Net Non Operating Interest Income Expense,-246000000.0,-25000000.0,-392000000.0,-322000000.0,DIS,,,,
Total Other Finance Cost,,,,-84000000.0,DIS,,,,
Interest Expense Non Operating,528000000.0,501000000.0,503000000.0,504000000.0,DIS,,,,
Interest Income Non Operating,282000000.0,476000000.0,111000000.0,182000000.0,DIS,,,,
Operating Income,2936000000.0,2083000000.0,2641000000.0,2275000000.0,DIS,,,,
Operating Expense,5026000000.0,5430000000.0,5218000000.0,4924000000.0,DIS,,,,
Depreciation Amortization Depletion Income Statement,1243000000.0,1409000000.0,1344000000.0,1310000000.0,DIS,,,,
Depreciation And Amortization In Income Statement,1243000000.0,1409000000.0,1344000000.0,1310000000.0,DIS,,,,
Selling General And Administration,3783000000.0,4021000000.0,3874000000.0,3614000000.0,DIS,,,,
Gross Profit,7962000000.0,7513000000.0,7859000000.0,7199000000.0,DIS,,,,
Cost Of Revenue,15587000000.0,13728000000.0,14471000000.0,14616000000.0,DIS,,,,
Total Revenue,23549000000.0,21241000000.0,22330000000.0,21815000000.0,DIS,,,,
Operating Revenue,23549000000.0,21241000000.0,22330000000.0,21815000000.0,DIS,,,,
Tax Effect Of Unusual Items,0.0,20832000.0,0.0,0.0,COOP,,,,
Tax Rate For Calcs,0.333333,0.217,0.284,0.21,COOP,,,,
Normalized EBITDA,82000000.0,208000000.0,212000000.0,53000000.0,COOP,,,,
Total Unusual Items,0.0,96000000.0,,,COOP,,,,
Total Unusual Items Excluding Goodwill,0.0,96000000.0,,,COOP,,,,
Net Income From Continuing Operation Net Minority Interest,46000000.0,275000000.0,142000000.0,37000000.0,COOP,,,,
Reconciled Depreciation,10000000.0,10000000.0,9000000.0,9000000.0,COOP,,,,
Reconciled Cost Of Revenue,323000000.0,312000000.0,278000000.0,258000000.0,COOP,,,,
EBITDA,82000000.0,304000000.0,212000000.0,53000000.0,COOP,,,,
EBIT,72000000.0,294000000.0,203000000.0,44000000.0,COOP,,,,
Normalized Income,46000000.0,199832000.0,142000000.0,37000000.0,COOP,,,,
Net Income From Continuing And Discontinued Operation,46000000.0,275000000.0,142000000.0,37000000.0,COOP,,,,
Total Expenses,491000000.0,447000000.0,400000000.0,371000000.0,COOP,,,,
Diluted Average Shares,66700000.0,67668000.0,68606000.0,70479000.0,COOP,,,,
Basic Average Shares,65100000.0,66424000.0,67649000.0,69008000.0,COOP,,,,
Diluted EPS,0.69,4.06,2.07,0.52,COOP,,,,
Basic EPS,0.71,4.14,2.1,0.54,COOP,,,,
Diluted NI Availto Com Stockholders,46000000.0,275000000.0,142000000.0,37000000.0,COOP,,,,
Net Income Common Stockholders,46000000.0,275000000.0,142000000.0,37000000.0,COOP,,,,
Otherunder Preferred Stock Dividend,,,,0.0,COOP,,,,
Net Income,46000000.0,275000000.0,142000000.0,37000000.0,COOP,,,,
Net Income Including Noncontrolling Interests,46000000.0,275000000.0,142000000.0,37000000.0,COOP,,,,
Net Income Discontinuous Operations,,,,0.0,COOP,,,,
Net Income Continuous Operations,46000000.0,275000000.0,142000000.0,37000000.0,COOP,,,,
Tax Provision,23000000.0,77000000.0,56000000.0,-2000000.0,COOP,,,,
Pretax Income,69000000.0,352000000.0,198000000.0,35000000.0,COOP,,,,
Other Income Expense,-3000000.0,58000000.0,-5000000.0,-9000000.0,COOP,,,,
Other Non Operating Income Expenses,-3000000.0,-38000000.0,-5000000.0,-9000000.0,COOP,,,,
Special Income Charges,0.0,96000000.0,,,COOP,,,,
Restructuring And Mergern Acquisition,0.0,-96000000.0,,,COOP,,,,
Operating Income,72000000.0,294000000.0,203000000.0,44000000.0,COOP,,,,
Operating Expense,168000000.0,135000000.0,122000000.0,113000000.0,COOP,,,,
Selling General And Administration,168000000.0,135000000.0,122000000.0,113000000.0,COOP,,,,
General And Administrative Expense,168000000.0,135000000.0,122000000.0,113000000.0,COOP,,,,
Other Gand A,168000000.0,135000000.0,122000000.0,113000000.0,COOP,,,,
Gross Profit,240000000.0,429000000.0,325000000.0,157000000.0,COOP,,,,
Cost Of Revenue,323000000.0,312000000.0,278000000.0,258000000.0,COOP,,,,
Total Revenue,563000000.0,741000000.0,603000000.0,415000000.0,COOP,,,,
Operating Revenue,563000000.0,741000000.0,603000000.0,415000000.0,COOP,,,,
Tax Effect Of Unusual Items,-2445323940.408823,0.0,-345270000.0,0.0,BABA,,,,
Tax Rate For Calcs,0.288024,0.151528,0.17,0.148491,BABA,,,,
Normalized EBITDA,46041000000.0,42542000000.0,48364000000.0,19042000000.0,BABA,,,,
Total Unusual Items,-8490000000.0,0.0,-2031000000.0,0.0,BABA,,,,
Total Unusual Items Excluding Goodwill,-8490000000.0,0.0,-2031000000.0,0.0,BABA,,,,
Net Income From Continuing Operation Net Minority Interest,14555000000.0,27847000000.0,34242000000.0,23644000000.0,BABA,,,,
Reconciled Depreciation,14601000000.0,2431000000.0,2479000000.0,2494000000.0,BABA,,,,
Reconciled Cost Of Revenue,156214000000.0,139664000000.0,142347000000.0,138823000000.0,BABA,,,,
EBITDA,37551000000.0,42542000000.0,46333000000.0,19042000000.0,BABA,,,,
EBIT,22950000000.0,40111000000.0,43854000000.0,16548000000.0,BABA,,,,
Net Interest Income,-5632000000.0,3282000000.0,-7682000000.0,8760000000.0,BABA,,,,
Interest Expense,5632000000.0,1854000000.0,7682000000.0,-8760000000.0,BABA,,,,
Interest Income,,5136000000.0,,,BABA,,,,
Normalized Income,20599676059.59118,27847000000.0,35927730000.0,23644000000.0,BABA,,,,
Net Income From Continuing And Discontinued Operation,14555000000.0,27847000000.0,34242000000.0,23644000000.0,BABA,,,,
Total Expenses,229347000000.0,191206000000.0,189635000000.0,192960000000.0,BABA,,,,
Total Operating Income As Reported,22511000000.0,33584000000.0,42490000000.0,15240000000.0,BABA,,,,
Diluted Average Shares,2540125000.0,2565750000.0,2576000000.0,2610250000.0,BABA,,,,
Basic Average Shares,2517250000.0,2541875000.0,2561625000.0,2581375000.0,BABA,,,,
Diluted EPS,5.68,10.8,13.28,8.96,BABA,,,,
Basic EPS,5.76,10.88,13.44,9.12,BABA,,,,
Diluted NI Availto Com Stockholders,14433000000.0,27640000000.0,34332000000.0,23478000000.0,BABA,,,,
Average Dilution Earnings,,-66000000.0,,,BABA,,,,
Net Income Common Stockholders,14433000000.0,27706000000.0,34332000000.0,23516000000.0,BABA,,,,
Otherunder Preferred Stock Dividend,122000000.0,141000000.0,-90000000.0,128000000.0,BABA,,,,
Net Income,14555000000.0,27847000000.0,34242000000.0,23644000000.0,BABA,,,,
Minority Interests,3838000000.0,1151000000.0,1242000000.0,1648000000.0,BABA,,,,
Net Income Including Noncontrolling Interests,10717000000.0,26696000000.0,33000000000.0,21996000000.0,BABA,,,,
Net Income Continuous Operations,10717000000.0,26696000000.0,33000000000.0,21996000000.0,BABA,,,,
Earnings From Equity Interest Net Of Tax,-1613000000.0,-5764000000.0,2850000000.0,446000000.0,BABA,,,,
Tax Provision,4988000000.0,5797000000.0,6022000000.0,3758000000.0,BABA,,,,
Pretax Income,17318000000.0,38257000000.0,36172000000.0,25308000000.0,BABA,,,,
Other Income Expense,-8051000000.0,1391000000.0,-667000000.0,1308000000.0,BABA,,,,
Other Non Operating Income Expenses,439000000.0,1391000000.0,1364000000.0,1308000000.0,BABA,,,,
Special Income Charges,-8490000000.0,0.0,-2031000000.0,0.0,BABA,,,,
Impairment Of Capital Assets,8490000000.0,0.0,2031000000.0,0.0,BABA,,,,
Net Non Operating Interest Income Expense,-5632000000.0,3282000000.0,-7682000000.0,8760000000.0,BABA,,,,
Interest Expense Non Operating,5632000000.0,1854000000.0,7682000000.0,-8760000000.0,BABA,,,,
Interest Income Non Operating,,5136000000.0,,,BABA,,,,
Operating Income,31001000000.0,33584000000.0,44521000000.0,15240000000.0,BABA,,,,
Operating Expense,73133000000.0,51542000000.0,47288000000.0,54137000000.0,BABA,,,,
Depreciation Amortization Depletion Income Statement,14601000000.0,2431000000.0,2479000000.0,2494000000.0,BABA,,,,
Depreciation And Amortization In Income Statement,14601000000.0,2431000000.0,2479000000.0,2494000000.0,BABA,,,,
Amortization,14601000000.0,2431000000.0,2479000000.0,2494000000.0,BABA,,,,
Amortization Of Intangibles Income Statement,14601000000.0,2431000000.0,2479000000.0,2494000000.0,BABA,,,,
Research And Development,13488000000.0,14218000000.0,10465000000.0,13880000000.0,BABA,,,,
Selling General And Administration,45044000000.0,34893000000.0,34344000000.0,37763000000.0,BABA,,,,
Selling And Marketing Expense,33783000000.0,25485000000.0,27047000000.0,24931000000.0,BABA,,,,
General And Administrative Expense,11261000000.0,9408000000.0,7297000000.0,12832000000.0,BABA,,,,
Other Gand A,11261000000.0,9408000000.0,7297000000.0,12832000000.0,BABA,,,,
Gross Profit,104134000000.0,85126000000.0,91809000000.0,69377000000.0,BABA,,,,
Cost Of Revenue,156214000000.0,139664000000.0,142347000000.0,138823000000.0,BABA,,,,
Total Revenue,260348000000.0,224790000000.0,234156000000.0,208200000000.0,BABA,,,,
Operating Revenue,260348000000.0,224790000000.0,234156000000.0,171613000000.0,BABA,,,,
Tax Effect Of Unusual Items,0.0,0.0,0.0,0.0,DHI,,,,
Tax Rate For Calcs,0.234,0.244166,0.242,0.237,DHI,,,,
Normalized EBITDA,1191200000.0,1958500000.0,1755400000.0,1229800000.0,DHI,,,,
Net Income From Continuing Operation Net Minority Interest,947400000.0,1509700000.0,1335100000.0,942200000.0,DHI,,,,
Reconciled Depreciation,20000000.0,21400000.0,23700000.0,26700000.0,DHI,,,,
Reconciled Cost Of Revenue,5719800000.0,7680700000.0,7141800000.0,5996200000.0,DHI,,,,
EBITDA,1191200000.0,1958500000.0,1755400000.0,1229800000.0,DHI,,,,
EBIT,1171200000.0,1937100000.0,1731700000.0,1203100000.0,DHI,,,,
Normalized Income,947400000.0,1509700000.0,1335100000.0,942200000.0,DHI,,,,
Net Income From Continuing And Discontinued Operation,947400000.0,1509700000.0,1335100000.0,942200000.0,DHI,,,,
Total Expenses,6554800000.0,8566900000.0,7993900000.0,6769800000.0,DHI,,,,
Diluted Average Shares,335700000.0,339300000.0,342300000.0,344900000.0,DHI,,,,
Basic Average Shares,333300000.0,336600000.0,339900000.0,342100000.0,DHI,,,,
Diluted EPS,2.82,4.45,3.9,2.73,DHI,,,,
Basic EPS,2.84,4.49,3.93,2.75,DHI,,,,
Diluted NI Availto Com Stockholders,947400000.0,1509700000.0,1335100000.0,942200000.0,DHI,,,,
Net Income Common Stockholders,947400000.0,1509700000.0,1335100000.0,942200000.0,DHI,,,,
Net Income,947400000.0,1509700000.0,1335100000.0,942200000.0,DHI,,,,
Minority Interests,-8300000.0,-15800000.0,-16600000.0,-7400000.0,DHI,,,,
Net Income Including Noncontrolling Interests,955700000.0,1525500000.0,1351700000.0,949600000.0,DHI,,,,
Net Income Continuous Operations,955700000.0,1525500000.0,1351700000.0,949600000.0,DHI,,,,
Tax Provision,291800000.0,492800000.0,432200000.0,295700000.0,DHI,,,,
Pretax Income,1247500000.0,2018300000.0,1783900000.0,1245300000.0,DHI,,,,
Other Income Expense,76300000.0,81200000.0,52200000.0,42200000.0,DHI,,,,
Other Non Operating Income Expenses,76300000.0,81200000.0,52200000.0,42200000.0,DHI,,,,
Operating Income,1171200000.0,1937100000.0,1731700000.0,1203100000.0,DHI,,,,
Operating Expense,835000000.0,886200000.0,852100000.0,773600000.0,DHI,,,,
Selling General And Administration,835000000.0,886200000.0,852100000.0,773600000.0,DHI,,,,
Gross Profit,2006200000.0,2823300000.0,2583800000.0,1976700000.0,DHI,,,,
Cost Of Revenue,5719800000.0,7680700000.0,7141800000.0,5996200000.0,DHI,,,,
Total Revenue,7726000000.0,10504000000.0,9725600000.0,7972900000.0,DHI,,,,
Operating Revenue,7726000000.0,10504000000.0,9725600000.0,7972900000.0,DHI,,,,
Tax Effect Of Unusual Items,0.0,-23369807.868253,-10200139.713587,-1689109.288575,CMCSA,,,,
Tax Rate For Calcs,0.220079,0.268618,0.268425,0.281518,CMCSA,,,,
Normalized EBITDA,8592000000.0,10105000000.0,10300000000.0,10036000000.0,CMCSA,,,,
Total Unusual Items,0.0,-87000000.0,-38000000.0,-6000000.0,CMCSA,,,,
Total Unusual Items Excluding Goodwill,0.0,-87000000.0,-38000000.0,-6000000.0,CMCSA,,,,
Net Income From Continuing Operation Net Minority Interest,3260000000.0,4046000000.0,4248000000.0,3834000000.0,CMCSA,,,,
Reconciled Depreciation,3529000000.0,3492000000.0,3538000000.0,3777000000.0,CMCSA,,,,
Reconciled Cost Of Revenue,10255000000.0,8654000000.0,8849000000.0,9004000000.0,CMCSA,,,,
EBITDA,8592000000.0,10018000000.0,10262000000.0,10030000000.0,CMCSA,,,,
EBIT,5063000000.0,6525000000.0,6724000000.0,6253000000.0,CMCSA,,,,
Net Interest Income,-1019000000.0,-1060000000.0,-998000000.0,-1010000000.0,CMCSA,,,,
Interest Expense,1019000000.0,1060000000.0,998000000.0,1010000000.0,CMCSA,,,,
Normalized Income,3260000000.0,4109630192.131747,4275799860.286413,3838310890.711425,CMCSA,,,,
Net Income From Continuing And Discontinued Operation,3260000000.0,4046000000.0,4248000000.0,3834000000.0,CMCSA,,,,
Total Expenses,26769000000.0,23641000000.0,23804000000.0,24045000000.0,CMCSA,,,,
Total Operating Income As Reported,4484000000.0,6475000000.0,6709000000.0,5646000000.0,CMCSA,,,,
Diluted Average Shares,4039000000.0,4141000000.0,4183000000.0,4227000000.0,CMCSA,,,,
Basic Average Shares,3978762306.0,4109000000.0,4165000000.0,4208000000.0,CMCSA,,,,
Diluted EPS,0.81,0.98,1.02,0.91,CMCSA,,,,
Basic EPS,0.81935,0.98,1.02,0.91,CMCSA,,,,
Diluted NI Availto Com Stockholders,3260000000.0,4046000000.0,4248000000.0,3834000000.0,CMCSA,,,,
Net Income Common Stockholders,3260000000.0,4046000000.0,4248000000.0,3834000000.0,CMCSA,,,,
Net Income,3260000000.0,4046000000.0,4248000000.0,3834000000.0,CMCSA,,,,
Minority Interests,107000000.0,49000000.0,59000000.0,67000000.0,CMCSA,,,,
Net Income Including Noncontrolling Interests,3153000000.0,3997000000.0,4189000000.0,3767000000.0,CMCSA,,,,
Net Income Continuous Operations,3154000000.0,3997000000.0,4189000000.0,3767000000.0,CMCSA,,,,
Tax Provision,890000000.0,1468000000.0,1537000000.0,1476000000.0,CMCSA,,,,
Pretax Income,4044000000.0,5465000000.0,5726000000.0,5243000000.0,CMCSA,,,,
Other Income Expense,578000000.0,50000000.0,15000000.0,607000000.0,CMCSA,,,,
Other Non Operating Income Expenses,243000000.0,88000000.0,133000000.0,128000000.0,CMCSA,,,,
Special Income Charges,0.0,0.0,,,CMCSA,,,,
Impairment Of Capital Assets,0.0,0.0,,,CMCSA,,,,
Earnings From Equity Interest,335000000.0,49000000.0,-80000000.0,485000000.0,CMCSA,,,,
Gain On Sale Of Security,0.0,-87000000.0,-38000000.0,-6000000.0,CMCSA,,,,
Net Non Operating Interest Income Expense,-1019000000.0,-1060000000.0,-998000000.0,-1010000000.0,CMCSA,,,,
Interest Expense Non Operating,1019000000.0,1060000000.0,998000000.0,1010000000.0,CMCSA,,,,
Operating Income,4484000000.0,6474000000.0,6709000000.0,5646000000.0,CMCSA,,,,
Operating Expense,16513000000.0,14988000000.0,14955000000.0,15041000000.0,CMCSA,,,,
Other Operating Expenses,,,9317000000.0,9301000000.0,CMCSA,,,,
Depreciation Amortization Depletion Income Statement,3528000000.0,3493000000.0,3538000000.0,3777000000.0,CMCSA,,,,
Depreciation And Amortization In Income Statement,3528000000.0,3493000000.0,3538000000.0,3777000000.0,CMCSA,,,,
Amortization,1336000000.0,1290000000.0,1343000000.0,1513000000.0,CMCSA,,,,
Amortization Of Intangibles Income Statement,1336000000.0,1290000000.0,1343000000.0,1513000000.0,CMCSA,,,,
Depreciation Income Statement,2192000000.0,2203000000.0,2195000000.0,2264000000.0,CMCSA,,,,
Selling General And Administration,12985000000.0,11495000000.0,11417000000.0,11264000000.0,CMCSA,,,,
Selling And Marketing Expense,2042000000.0,1866000000.0,2100000000.0,1963000000.0,CMCSA,,,,
General And Administrative Expense,10943000000.0,9629000000.0,9317000000.0,9301000000.0,CMCSA,,,,
Other Gand A,10943000000.0,9629000000.0,9317000000.0,9301000000.0,CMCSA,,,,
Gross Profit,20997000000.0,21462000000.0,21664000000.0,20687000000.0,CMCSA,,,,
Cost Of Revenue,10256000000.0,8653000000.0,8849000000.0,9004000000.0,CMCSA,,,,
Total Revenue,31253000000.0,30115000000.0,30513000000.0,29691000000.0,CMCSA,,,,
Operating Revenue,31253000000.0,30115000000.0,30513000000.0,29691000000.0,CMCSA,,,,
Tax Effect Of Unusual Items,-16358907.672302,-19437415.881561,-174375000.0,2421875.0,UAL,,,,
Tax Rate For Calcs,0.221066,0.234186,0.225,0.242188,UAL,,,,
Normalized EBITDA,1273000000.0,2014000000.0,2613000000.0,182000000.0,UAL,,,,
Total Unusual Items,-74000000.0,-83000000.0,-775000000.0,10000000.0,UAL,,,,
Total Unusual Items Excluding Goodwill,-74000000.0,-83000000.0,-775000000.0,10000000.0,UAL,,,,
Net Income From Continuing Operation Net Minority Interest,599000000.0,1138000000.0,1075000000.0,-194000000.0,UAL,,,,
Reconciled Cost Of Revenue,9937000000.0,10042000000.0,9298000000.0,9241000000.0,UAL,,,,
EBITDA,1199000000.0,1931000000.0,1838000000.0,192000000.0,UAL,,,,
EBIT,1199000000.0,1931000000.0,1838000000.0,192000000.0,UAL,,,,
Net Interest Income,-223000000.0,-211000000.0,-235000000.0,-278000000.0,UAL,,,,
Interest Expense,430000000.0,445000000.0,451000000.0,448000000.0,UAL,,,,
Interest Income,207000000.0,234000000.0,216000000.0,170000000.0,UAL,,,,
Normalized Income,656641092.327698,1201562584.118439,1675625000.0,-201578125.0,UAL,,,,
Net Income From Continuing And Discontinued Operation,599000000.0,1138000000.0,1075000000.0,-194000000.0,UAL,,,,
Total Expenses,12582000000.0,12716000000.0,11802000000.0,11458000000.0,UAL,,,,
Rent Expense Supplemental,839000000.0,847000000.0,814000000.0,773000000.0,UAL,,,,
Total Operating Income As Reported,997000000.0,1739000000.0,1517000000.0,-43000000.0,UAL,,,,
Diluted Average Shares,331300000.0,332400000.0,331500000.0,327400000.0,UAL,,,,
Basic Average Shares,328014680.0,328000000.0,328000000.0,327400000.0,UAL,,,,
Diluted EPS,1.81,3.42,3.24,-0.59,UAL,,,,
Basic EPS,1.829186,3.47,3.28,-0.59,UAL,,,,
Diluted NI Availto Com Stockholders,599000000.0,1138000000.0,1075000000.0,-194000000.0,UAL,,,,
Net Income Common Stockholders,599000000.0,1138000000.0,1075000000.0,-194000000.0,UAL,,,,
Net Income,599000000.0,1138000000.0,1075000000.0,-194000000.0,UAL,,,,
Net Income Including Noncontrolling Interests,599000000.0,1138000000.0,1075000000.0,-194000000.0,UAL,,,,
Net Income Continuous Operations,599000000.0,1138000000.0,1075000000.0,-194000000.0,UAL,,,,
Tax Provision,170000000.0,348000000.0,312000000.0,-62000000.0,UAL,,,,
Pretax Income,769000000.0,1486000000.0,1387000000.0,-256000000.0,UAL,,,,
Other Income Expense,-52000000.0,-71000000.0,-754000000.0,51000000.0,UAL,,,,
Other Non Operating Income Expenses,22000000.0,12000000.0,21000000.0,41000000.0,UAL,,,,
Special Income Charges,-47000000.0,-29000000.0,-859000000.0,-14000000.0,UAL,,,,
Gain On Sale Of Ppe,-47000000.0,-28000000.0,-46000000.0,-14000000.0,UAL,,,,
Other Special Charges,,,,14000000.0,UAL,,,,
Restructuring And Mergern Acquisition,0.0,1000000.0,813000000.0,,UAL,,,,
Gain On Sale Of Security,-27000000.0,-54000000.0,84000000.0,24000000.0,UAL,,,,
Net Non Operating Interest Income Expense,-223000000.0,-211000000.0,-235000000.0,-278000000.0,UAL,,,,
Interest Expense Non Operating,430000000.0,445000000.0,451000000.0,448000000.0,UAL,,,,
Interest Income Non Operating,207000000.0,234000000.0,216000000.0,170000000.0,UAL,,,,
Operating Income,1044000000.0,1768000000.0,2376000000.0,-29000000.0,UAL,,,,
Operating Expense,2645000000.0,2674000000.0,2504000000.0,2217000000.0,UAL,,,,
Other Operating Expenses,2074000000.0,2158000000.0,2017000000.0,1814000000.0,UAL,,,,
Selling General And Administration,571000000.0,516000000.0,487000000.0,403000000.0,UAL,,,,
Selling And Marketing Expense,571000000.0,516000000.0,487000000.0,403000000.0,UAL,,,,
Gross Profit,3689000000.0,4442000000.0,4880000000.0,2188000000.0,UAL,,,,
Cost Of Revenue,9937000000.0,10042000000.0,9298000000.0,9241000000.0,UAL,,,,
Total Revenue,13626000000.0,14484000000.0,14178000000.0,11429000000.0,UAL,,,,
Operating Revenue,12823000000.0,13682000000.0,13364000000.0,10672000000.0,UAL,,,,
Tax Effect Of Unusual Items,-442260.0,6751290.0,11293170.0,0.0,CHGG,,,,
Tax Rate For Calcs,0.21,0.21,0.21,0.21,CHGG,,,,
Normalized EBITDA,41305000.0,7391000.0,18114000.0,33173000.0,CHGG,,,,
Total Unusual Items,-2106000.0,32149000.0,53777000.0,,CHGG,,,,
Total Unusual Items Excluding Goodwill,-2106000.0,32149000.0,53777000.0,,CHGG,,,,
Net Income From Continuing Operation Net Minority Interest,9665000.0,-18283000.0,24612000.0,2186000.0,CHGG,,,,
Reconciled Depreciation,20773000.0,56918000.0,26484000.0,25543000.0,CHGG,,,,
Reconciled Cost Of Revenue,45804000.0,83575000.0,47412000.0,49150000.0,CHGG,,,,
EBITDA,39199000.0,39540000.0,71891000.0,33173000.0,CHGG,,,,
EBIT,18426000.0,-17378000.0,45407000.0,7630000.0,CHGG,,,,
Net Interest Income,6402000.0,7697000.0,9544000.0,9995000.0,CHGG,,,,
Interest Expense,658000.0,733000.0,1114000.0,1268000.0,CHGG,,,,
Interest Income,7060000.0,8430000.0,10658000.0,11263000.0,CHGG,,,,
Normalized Income,11328740.0,-43680710.0,-17871830.0,2186000.0,CHGG,,,,
Net Income From Continuing And Discontinued Operation,9665000.0,-18283000.0,24612000.0,2186000.0,CHGG,,,,
Total Expenses,174700000.0,215724000.0,201549000.0,192047000.0,CHGG,,,,
Total Operating Income As Reported,13287000.0,-57870000.0,-18696000.0,-4446000.0,CHGG,,,,
Diluted Average Shares,,115407000.0,132944000.0,124304000.0,CHGG,,,,
Basic Average Shares,,115407000.0,117977000.0,123710000.0,CHGG,,,,
Diluted EPS,,-0.16,-0.11,0.02,CHGG,,,,
Basic EPS,,-0.16,0.21,0.02,CHGG,,,,
Diluted NI Availto Com Stockholders,9665000.0,-18283000.0,-14786000.0,2186000.0,CHGG,,,,
Average Dilution Earnings,,,-39398000.0,,CHGG,,,,
Net Income Common Stockholders,9665000.0,-18283000.0,24612000.0,2186000.0,CHGG,,,,
Net Income,9665000.0,-18283000.0,24612000.0,2186000.0,CHGG,,,,
Net Income Including Noncontrolling Interests,9665000.0,-18283000.0,24612000.0,2186000.0,CHGG,,,,
Net Income Continuous Operations,9665000.0,-18283000.0,24612000.0,2186000.0,CHGG,,,,
Tax Provision,8103000.0,172000.0,19681000.0,4176000.0,CHGG,,,,
Pretax Income,17768000.0,-18111000.0,44293000.0,6362000.0,CHGG,,,,
Other Income Expense,-1921000.0,32062000.0,53445000.0,813000.0,CHGG,,,,
Other Non Operating Income Expenses,185000.0,-87000.0,-332000.0,813000.0,CHGG,,,,
Special Income Charges,0.0,32149000.0,53777000.0,,CHGG,,,,
Other Special Charges,0.0,-32149000.0,-53777000.0,,CHGG,,,,
Net Non Operating Interest Income Expense,6402000.0,7697000.0,9544000.0,9995000.0,CHGG,,,,
Interest Expense Non Operating,658000.0,733000.0,1114000.0,1268000.0,CHGG,,,,
Interest Income Non Operating,7060000.0,8430000.0,10658000.0,11263000.0,CHGG,,,,
Operating Income,13287000.0,-57870000.0,-18696000.0,-4446000.0,CHGG,,,,
Operating Expense,128896000.0,132149000.0,154137000.0,142897000.0,CHGG,,,,
Research And Development,45724000.0,46202000.0,52872000.0,46907000.0,CHGG,,,,
Selling General And Administration,83172000.0,85947000.0,101265000.0,95990000.0,CHGG,,,,
Selling And Marketing Expense,29746000.0,28872000.0,30956000.0,37017000.0,CHGG,,,,
General And Administrative Expense,53426000.0,57075000.0,70309000.0,58973000.0,CHGG,,,,
Other Gand A,53426000.0,57075000.0,70309000.0,58973000.0,CHGG,,,,
Salaries And Wages,,,23392000.0,,CHGG,,,,
Gross Profit,142183000.0,74279000.0,135441000.0,138451000.0,CHGG,,,,
Cost Of Revenue,45804000.0,83575000.0,47412000.0,49150000.0,CHGG,,,,
Total Revenue,187987000.0,157854000.0,182853000.0,187601000.0,CHGG,,,,
Operating Revenue,187987000.0,157854000.0,182853000.0,187601000.0,CHGG,,,,
Tax Effect Of Unusual Items,,,,,EDU,-27623.272127,1834145.851882,-4020037.695927,1267478.747052
Tax Rate For Calcs,,,,,EDU,0.153463,0.253055,0.270637,0.187719
Normalized EBITDA,,,,,EDU,21522000.0,197876000.0,182100000.0,59739000.0
Total Unusual Items,,,,,EDU,-180000.0,7248000.0,-14854000.0,6752000.0
Total Unusual Items Excluding Goodwill,,,,,EDU,-180000.0,7248000.0,-14854000.0,6752000.0
Net Income From Continuing Operation Net Minority Interest,,,,,EDU,30066000.0,165386000.0,28959000.0,81648000.0
Reconciled Cost Of Revenue,,,,,EDU,422558000.0,441218000.0,391615000.0,369560000.0
EBITDA,,,,,EDU,21342000.0,205124000.0,167246000.0,66491000.0
EBIT,,,,,EDU,21342000.0,205124000.0,167246000.0,66491000.0
Normalized Income,,,,,EDU,30218376.727873,159972145.851882,39792962.304073,76163478.747052
Net Income From Continuing And Discontinued Operation,,,,,EDU,30066000.0,165386000.0,28959000.0,81648000.0
Total Expenses,,,,,EDU,848258000.0,894897000.0,812517000.0,687662000.0
Total Operating Income As Reported,,,,,EDU,21342000.0,205124000.0,48054000.0,66491000.0
Diluted Average Shares,,,,,EDU,166969205.0,166531869.0,144795000.0,168141423.0
Basic Average Shares,,,,,EDU,165506935.0,165120388.0,144795000.0,166988709.0
Diluted EPS,,,,,EDU,0.2,1.0,0.2,0.5
Basic EPS,,,,,EDU,0.2,1.0,0.2,0.5
Diluted NI Availto Com Stockholders,,,,,EDU,30066000.0,165386000.0,28959000.0,81648000.0
Net Income Common Stockholders,,,,,EDU,30066000.0,165386000.0,28959000.0,81648000.0
Net Income,,,,,EDU,30066000.0,165386000.0,28959000.0,81648000.0
Minority Interests,,,,,EDU,-4666000.0,-10688000.0,-10957000.0,-12632000.0
Net Income Including Noncontrolling Interests,,,,,EDU,34732000.0,176074000.0,39916000.0,94280000.0
Net Income Continuous Operations,,,,,EDU,34732000.0,176074000.0,39916000.0,94280000.0
Earnings From Equity Interest Net Of Tax,,,,,EDU,-14506000.0,-8496000.0,-12480000.0,10598000.0
Tax Provision,,,,,EDU,8926000.0,62530000.0,19442000.0,19339000.0
Pretax Income,,,,,EDU,58164000.0,247100000.0,71838000.0,103021000.0
Other Income Expense,,,,,EDU,36822000.0,41976000.0,-89962000.0,36530000.0
Other Non Operating Income Expenses,,,,,EDU,37002000.0,34728000.0,-75108000.0,29778000.0
Gain On Sale Of Security,,,,,EDU,-180000.0,7248000.0,-6798000.0,6752000.0
Operating Income,,,,,EDU,21342000.0,205124000.0,48054000.0,66491000.0
Operating Expense,,,,,EDU,425700000.0,453679000.0,420902000.0,318102000.0
Selling General And Administration,,,,,EDU,425700000.0,453679000.0,420902000.0,318102000.0
Selling And Marketing Expense,,,,,EDU,154965000.0,136121000.0,-235781000.0,102631000.0
General And Administrative Expense,,,,,EDU,270735000.0,317558000.0,656683000.0,215471000.0
Other Gand A,,,,,EDU,270735000.0,317558000.0,656683000.0,215471000.0
Gross Profit,,,,,EDU,447042000.0,658803000.0,468956000.0,384593000.0
Cost Of Revenue,,,,,EDU,422558000.0,441218000.0,391615000.0,369560000.0
Total Revenue,,,,,EDU,869600000.0,1100021000.0,860571000.0,754153000.0
Operating Revenue,,,,,EDU,869600000.0,1100021000.0,860571000.0,754153000.0
Tax Effect Of Unusual Items,,144426876.477851,53143732.970027,-228639821.442722,TCEHY,,,,
Tax Rate For Calcs,,0.230346,0.291999,0.302834,TCEHY,,,,
Normalized EBITDA,,49946000000.0,40995000000.0,41264000000.0,TCEHY,,,,
Total Unusual Items,,627000000.0,182000000.0,-755000000.0,TCEHY,,,,
Total Unusual Items Excluding Goodwill,,627000000.0,182000000.0,-755000000.0,TCEHY,,,,
Net Income From Continuing Operation Net Minority Interest,,36182000000.0,26171000000.0,25838000000.0,TCEHY,,,,
Reconciled Cost Of Revenue,,78102000000.0,78368000000.0,81804000000.0,TCEHY,,,,
EBITDA,,50573000000.0,41177000000.0,40509000000.0,TCEHY,,,,
EBIT,,50573000000.0,41177000000.0,40509000000.0,TCEHY,,,,
Net Interest Income,,725000000.0,410000000.0,313000000.0,TCEHY,,,,
Interest Expense,,2784000000.0,3009000000.0,2650000000.0,TCEHY,,,,
Interest Income,,3509000000.0,3419000000.0,2963000000.0,TCEHY,,,,
Normalized Income,,35699426876.47785,26042143732.970028,26364360178.557278,TCEHY,,,,
Net Income From Continuing And Discontinued Operation,,36182000000.0,26171000000.0,25838000000.0,TCEHY,,,,
Total Expenses,,109757000000.0,109243000000.0,110724000000.0,TCEHY,,,,
Total Operating Income As Reported,,48475000000.0,40300000000.0,40429000000.0,TCEHY,,,,
Diluted Average Shares,,9597000000.0,9625000000.0,9657000000.0,TCEHY,,,,
Basic Average Shares,,9452000000.0,9478000000.0,9483000000.0,TCEHY,,,,
Diluted EPS,,3.752,2.695,2.639,TCEHY,,,,
Basic EPS,,3.828,2.761,2.725,TCEHY,,,,
Diluted NI Availto Com Stockholders,,36011000000.0,25937000000.0,25487000000.0,TCEHY,,,,
Average Dilution Earnings,,-171000000.0,-234000000.0,-351000000.0,TCEHY,,,,
Net Income Common Stockholders,,36182000000.0,26171000000.0,25838000000.0,TCEHY,,,,
Otherunder Preferred Stock Dividend,,0.0,0.0,0.0,TCEHY,,,,
Net Income,,36182000000.0,26171000000.0,25838000000.0,TCEHY,,,,
Minority Interests,,-599000000.0,-852000000.0,-556000000.0,TCEHY,,,,
Net Income Including Noncontrolling Interests,,36781000000.0,27023000000.0,26394000000.0,TCEHY,,,,
Net Income Continuous Operations,,36781000000.0,27023000000.0,26394000000.0,TCEHY,,,,
Tax Provision,,11008000000.0,11145000000.0,11465000000.0,TCEHY,,,,
Pretax Income,,47789000000.0,38168000000.0,37859000000.0,TCEHY,,,,
Other Non Operating Income Expenses,,-583000000.0,-3597000000.0,-1137000000.0,TCEHY,,,,
Special Income Charges,,487000000.0,1821000000.0,-623000000.0,TCEHY,,,,
Other Special Charges,,-808000000.0,-1903000000.0,382000000.0,TCEHY,,,,
Write Off,,321000000.0,82000000.0,241000000.0,TCEHY,,,,
Impairment Of Capital Assets,,0.0,,,TCEHY,,,,
Net Non Operating Interest Income Expense,,725000000.0,410000000.0,313000000.0,TCEHY,,,,
Interest Expense Non Operating,,2784000000.0,3009000000.0,2650000000.0,TCEHY,,,,
Interest Income Non Operating,,3509000000.0,3419000000.0,2963000000.0,TCEHY,,,,
Operating Income,,44868000000.0,39965000000.0,39262000000.0,TCEHY,,,,
Operating Expense,,31655000000.0,30875000000.0,28920000000.0,TCEHY,,,,
Selling General And Administration,,34201000000.0,33729000000.0,31660000000.0,TCEHY,,,,
Selling And Marketing Expense,,7912000000.0,8310000000.0,7018000000.0,TCEHY,,,,
General And Administrative Expense,,26289000000.0,25419000000.0,24642000000.0,TCEHY,,,,
Gross Profit,,76523000000.0,70840000000.0,68182000000.0,TCEHY,,,,
Cost Of Revenue,,78102000000.0,78368000000.0,81804000000.0,TCEHY,,,,
Total Revenue,,154625000000.0,149208000000.0,149986000000.0,TCEHY,,,,
Operating Revenue,,154625000000.0,149208000000.0,149986000000.0,TCEHY,,,,
Tax Effect Of Unusual Items,-90570628.217452,0.0,0.0,-1604578.303603,VFC,,,,
Tax Rate For Calcs,0.352283,0.21,0.078,0.005125,VFC,,,,
Normalized EBITDA,630898000.0,439851000.0,60010000.0,220213000.0,VFC,,,,
Total Unusual Items,-257096000.0,0.0,,-313087000.0,VFC,,,,
Total Unusual Items Excluding Goodwill,-257096000.0,0.0,,-313087000.0,VFC,,,,
Net Income From Continuing Operation Net Minority Interest,-42452000.0,-450697000.0,-57425000.0,-214892000.0,VFC,,,,
Reconciled Depreciation,371794000.0,75626000.0,67075000.0,70150000.0,VFC,,,,
Reconciled Cost Of Revenue,1327871000.0,1479028000.0,985269000.0,1381589000.0,VFC,,,,
EBITDA,373802000.0,439851000.0,60010000.0,-92874000.0,VFC,,,,
EBIT,2008000.0,364225000.0,-7065000.0,-163024000.0,VFC,,,,
Net Interest Income,-63338000.0,-55644000.0,-49719000.0,-49237000.0,VFC,,,,
Interest Expense,67549000.0,60452000.0,55213000.0,52975000.0,VFC,,,,
Interest Income,4211000.0,4808000.0,5494000.0,3738000.0,VFC,,,,
Normalized Income,124073371.782548,-450697000.0,-57425000.0,96590421.696397,VFC,,,,
Net Income From Continuing And Discontinued Operation,-42452000.0,-450697000.0,-57425000.0,-214892000.0,VFC,,,,
Total Expenses,2735419000.0,2671312000.0,2095328000.0,2587409000.0,VFC,,,,
Total Operating Income As Reported,-32232000.0,362927000.0,-8992000.0,-160883000.0,VFC,,,,
Diluted Average Shares,388383000.0,388338000.0,388160000.0,388062000.0,VFC,,,,
Basic Average Shares,388383000.0,388338000.0,388160000.0,388062000.0,VFC,,,,
Diluted EPS,-0.11,-1.16,-0.15,-0.55,VFC,,,,
Basic EPS,-0.11,-1.16,-0.15,-0.55,VFC,,,,
Diluted NI Availto Com Stockholders,-42452000.0,-450697000.0,-57425000.0,-214892000.0,VFC,,,,
Net Income Common Stockholders,-42452000.0,-450697000.0,-57425000.0,-214892000.0,VFC,,,,
Net Income,-42452000.0,-450697000.0,-57425000.0,-214892000.0,VFC,,,,
Net Income Including Noncontrolling Interests,-42452000.0,-450697000.0,-57425000.0,-214892000.0,VFC,,,,
Net Income Discontinuous Operations,,,,0.0,VFC,,,,
Net Income Continuous Operations,-42452000.0,-450697000.0,-57425000.0,-214892000.0,VFC,,,,
Tax Provision,-23089000.0,754470000.0,-4853000.0,-1107000.0,VFC,,,,
Pretax Income,-65541000.0,303773000.0,-62278000.0,-215999000.0,VFC,,,,
Other Income Expense,-227067000.0,-3510000.0,-3567000.0,-318966000.0,VFC,,,,
Other Non Operating Income Expenses,30029000.0,-3510000.0,-3567000.0,-5879000.0,VFC,,,,
Special Income Charges,-257096000.0,0.0,,-313087000.0,VFC,,,,
Impairment Of Capital Assets,257096000.0,0.0,,313087000.0,VFC,,,,
Net Non Operating Interest Income Expense,-63338000.0,-55644000.0,-49719000.0,-49237000.0,VFC,,,,
Interest Expense Non Operating,67549000.0,60452000.0,55213000.0,52975000.0,VFC,,,,
Interest Income Non Operating,4211000.0,4808000.0,5494000.0,3738000.0,VFC,,,,
Operating Income,224864000.0,362927000.0,-8992000.0,152204000.0,VFC,,,,
Operating Expense,1407548000.0,1192284000.0,1110059000.0,1205820000.0,VFC,,,,
Selling General And Administration,1407548000.0,1192284000.0,1110059000.0,1205820000.0,VFC,,,,
Gross Profit,1632412000.0,1555211000.0,1101067000.0,1358024000.0,VFC,,,,
Cost Of Revenue,1327871000.0,1479028000.0,985269000.0,1381589000.0,VFC,,,,
Total Revenue,2960283000.0,3034239000.0,2086336000.0,2739613000.0,VFC,,,,
Operating Revenue,2960283000.0,3034239000.0,2086336000.0,2739613000.0,VFC,,,,
Tax Effect Of Unusual Items,,0.0,0.0,0.0,LI,,,,
Tax Rate For Calcs,,0.046828,0.017808,0.040037,LI,,,,
Normalized EBITDA,,2962763000.0,2794090000.0,1363722000.0,LI,,,,
Net Income From Continuing Operation Net Minority Interest,,2823231000.0,2293153000.0,929668000.0,LI,,,,
Reconciled Depreciation,,,413667000.0,358500000.0,LI,,,,
Reconciled Cost Of Revenue,,27034971000.0,22417449000.0,14956947000.0,LI,,,,
EBITDA,,2962763000.0,2794090000.0,1363722000.0,LI,,,,
EBIT,,2962763000.0,2380423000.0,1005222000.0,LI,,,,
Net Interest Income,,428102000.0,401822000.0,386093000.0,LI,,,,
Interest Expense,,11698000.0,28440000.0,32438000.0,LI,,,,
Interest Income,,439800000.0,430262000.0,418531000.0,LI,,,,
Normalized Income,,2823231000.0,2293153000.0,929668000.0,LI,,,,
Net Income From Continuing And Discontinued Operation,,2823231000.0,2293153000.0,929668000.0,LI,,,,
Total Expenses,,32340077000.0,27026857000.0,18381850000.0,LI,,,,
Total Operating Income As Reported,,2339378000.0,1625870000.0,405203000.0,LI,,,,
Diluted Average Shares,,1059821062.0,,1052402048.0,LI,,,,
Basic Average Shares,,985819450.0,,979166653.0,LI,,,,
Diluted EPS,,2.68,,0.9,LI,,,,
Basic EPS,,2.86,,0.94,LI,,,,
Diluted NI Availto Com Stockholders,,2823231000.0,2293153000.0,929668000.0,LI,,,,
Net Income Common Stockholders,,2823231000.0,2293153000.0,929668000.0,LI,,,,
Net Income,,2823231000.0,2293153000.0,929668000.0,LI,,,,
Minority Interests,,10357000.0,-16945000.0,-4169000.0,LI,,,,
Net Income Including Noncontrolling Interests,,2812874000.0,2310098000.0,933837000.0,LI,,,,
Net Income Continuous Operations,,2812874000.0,2310098000.0,933837000.0,LI,,,,
Tax Provision,,138191000.0,41885000.0,38947000.0,LI,,,,
Pretax Income,,2951065000.0,2351983000.0,972784000.0,LI,,,,
Other Income Expense,,183585000.0,324291000.0,181488000.0,LI,,,,
Other Non Operating Income Expenses,,183585000.0,324291000.0,181488000.0,LI,,,,
Net Non Operating Interest Income Expense,,428102000.0,401822000.0,386093000.0,LI,,,,
Interest Expense Non Operating,,11698000.0,28440000.0,32438000.0,LI,,,,
Interest Income Non Operating,,439800000.0,430262000.0,418531000.0,LI,,,,
Operating Income,,2339378000.0,1625870000.0,405203000.0,LI,,,,
Operating Expense,,5305106000.0,4609408000.0,3424903000.0,LI,,,,
Other Operating Expenses,,-55870000.0,-125402000.0,-72701000.0,LI,,,,
Research And Development,,2817206000.0,2425600000.0,1852297000.0,LI,,,,
Selling General And Administration,,2543770000.0,2309210000.0,1645307000.0,LI,,,,
Gross Profit,,7644484000.0,6235278000.0,3830106000.0,LI,,,,
Cost Of Revenue,,27034971000.0,22417449000.0,14956947000.0,LI,,,,
Total Revenue,,34679455000.0,28652727000.0,18787053000.0,LI,,,,
Operating Revenue,,33616140000.0,27971944000.0,18327316000.0,LI,,,,
Tax Effect Of Unusual Items,,-3413907.269972,4141393.158077,-228125.350248,MPNGY,,,,
Tax Rate For Calcs,,0.01375,0.002122,0.002498,MPNGY,,,,
Normalized EBITDA,,4242567000.0,3101259000.0,3811699000.0,MPNGY,,,,
Total Unusual Items,,-248288000.0,1951335000.0,-91318000.0,MPNGY,,,,
Total Unusual Items Excluding Goodwill,,-248288000.0,1951335000.0,-91318000.0,MPNGY,,,,
Net Income From Continuing Operation Net Minority Interest,,3593023000.0,4687870000.0,3358233000.0,MPNGY,,,,
Reconciled Cost Of Revenue,,49484515000.0,42566619000.0,38800047000.0,MPNGY,,,,
EBITDA,,3994279000.0,5052594000.0,3720381000.0,MPNGY,,,,
EBIT,,3994279000.0,5052594000.0,3720381000.0,MPNGY,,,,
Net Interest Income,,-149725000.0,-136814000.0,-169060000.0,MPNGY,,,,
Interest Expense,,350950000.0,354003000.0,353479000.0,MPNGY,,,,
Interest Income,,201225000.0,217189000.0,184419000.0,MPNGY,,,,
Normalized Income,,3837897092.730028,2740676393.158077,3449322874.649752,MPNGY,,,,
Net Income From Continuing And Discontinued Operation,,3593023000.0,4687870000.0,3358233000.0,MPNGY,,,,
Total Expenses,,74248879000.0,63831971000.0,56275457000.0,MPNGY,,,,
Total Operating Income As Reported,,3358533000.0,4712999000.0,3585721000.0,MPNGY,,,,
Diluted Average Shares,,3121425838.0,,3120697693.0,MPNGY,,,,
Basic Average Shares,,3121425838.0,,3120697693.0,MPNGY,,,,
Diluted EPS,,1.151084,,1.076116,MPNGY,,,,
Basic EPS,,1.151084,,1.076116,MPNGY,,,,
Diluted NI Availto Com Stockholders,,3593023000.0,4687870000.0,3358233000.0,MPNGY,,,,
Net Income Common Stockholders,,3593023000.0,4687870000.0,3358233000.0,MPNGY,,,,
Otherunder Preferred Stock Dividend,,0.0,0.0,0.0,MPNGY,,,,
Net Income,,3593023000.0,4687870000.0,3358233000.0,MPNGY,,,,
Minority Interests,,-211000.0,-749000.0,-258000.0,MPNGY,,,,
Net Income Including Noncontrolling Interests,,3593234000.0,4688619000.0,3358491000.0,MPNGY,,,,
Net Income Continuous Operations,,3593234000.0,4688619000.0,3358491000.0,MPNGY,,,,
Tax Provision,,50095000.0,9972000.0,8411000.0,MPNGY,,,,
Pretax Income,,3643329000.0,4698591000.0,3366902000.0,MPNGY,,,,
Other Non Operating Income Expenses,,1388793000.0,-1470709000.0,1335024000.0,MPNGY,,,,
Special Income Charges,,-276377000.0,-195264000.0,-255347000.0,MPNGY,,,,
Write Off,,276377000.0,195264000.0,255347000.0,MPNGY,,,,
Net Non Operating Interest Income Expense,,-149725000.0,-136814000.0,-169060000.0,MPNGY,,,,
Interest Expense Non Operating,,350950000.0,354003000.0,353479000.0,MPNGY,,,,
Interest Income Non Operating,,201225000.0,217189000.0,184419000.0,MPNGY,,,,
Operating Income,,2218028000.0,4132653000.0,2342015000.0,MPNGY,,,,
Operating Expense,,24764364000.0,21265352000.0,17475410000.0,MPNGY,,,,
Research And Development,,5321157000.0,5407176000.0,5047387000.0,MPNGY,,,,
Selling General And Administration,,19443207000.0,16692243000.0,12428023000.0,MPNGY,,,,
Selling And Marketing Expense,,16905422000.0,14553195000.0,10433070000.0,MPNGY,,,,
General And Administrative Expense,,2537785000.0,2139048000.0,1994953000.0,MPNGY,,,,
Gross Profit,,26982392000.0,25398005000.0,19817425000.0,MPNGY,,,,
Cost Of Revenue,,49484515000.0,42566619000.0,38800047000.0,MPNGY,,,,
Total Revenue,,76466907000.0,67964624000.0,58617472000.0,MPNGY,,,,
Operating Revenue,,76466907000.0,67964624000.0,58617472000.0,MPNGY,,,,
Tax Effect Of Unusual Items,,-2145467.1649,-5848253.056012,4697262.342967,WB,,,,
Tax Rate For Calcs,,0.240658,0.232166,0.17298,WB,,,,
Normalized EBITDA,,142901000.0,148643000.0,69335000.0,WB,,,,
Total Unusual Items,,-8915000.0,-25190000.0,27155000.0,WB,,,,
Total Unusual Items Excluding Goodwill,,-8915000.0,-25190000.0,27155000.0,WB,,,,
Net Income From Continuing Operation Net Minority Interest,,77489000.0,81387000.0,100492000.0,WB,,,,
Reconciled Cost Of Revenue,,93998000.0,94272000.0,85853000.0,WB,,,,
EBITDA,,133986000.0,123453000.0,96490000.0,WB,,,,
EBIT,,133986000.0,123453000.0,96490000.0,WB,,,,
Net Interest Income,,-19498000.0,11357000.0,2682000.0,WB,,,,
Interest Income,,,11357000.0,2682000.0,WB,,,,
Normalized Income,,84258532.8351,100728746.943988,78034262.342967,WB,,,,
Net Income From Continuing And Discontinued Operation,,77489000.0,81387000.0,100492000.0,WB,,,,
Total Expenses,,308165000.0,316787000.0,317288000.0,WB,,,,
Total Operating Income As Reported,,133986000.0,123453000.0,96490000.0,WB,,,,
Diluted Average Shares,,238655000.0,237886000.0,236895000.0,WB,,,,
Basic Average Shares,,235842000.0,235361000.0,234705000.0,WB,,,,
Diluted EPS,,0.32,0.34,0.42,WB,,,,
Basic EPS,,0.33,0.35,0.43,WB,,,,
Diluted NI Availto Com Stockholders,,77489000.0,81387000.0,100492000.0,WB,,,,
Net Income Common Stockholders,,77489000.0,81387000.0,100492000.0,WB,,,,
Net Income,,77489000.0,81387000.0,100492000.0,WB,,,,
Minority Interests,,-2677000.0,-2783000.0,-3983000.0,WB,,,,
Net Income Including Noncontrolling Interests,,80166000.0,84170000.0,104475000.0,WB,,,,
Net Income Continuous Operations,,80166000.0,84170000.0,104475000.0,WB,,,,
Tax Provision,,25407000.0,25450000.0,21852000.0,WB,,,,
Pretax Income,,105573000.0,109620000.0,126327000.0,WB,,,,
Other Income Expense,,-8915000.0,-25190000.0,27155000.0,WB,,,,
Special Income Charges,,0.0,0.0,,WB,,,,
Impairment Of Capital Assets,,0.0,0.0,,WB,,,,
Gain On Sale Of Security,,-8915000.0,-25190000.0,27155000.0,WB,,,,
Net Non Operating Interest Income Expense,,-19498000.0,11357000.0,2682000.0,WB,,,,
Total Other Finance Cost,,19498000.0,,,WB,,,,
Interest Income Non Operating,,,11357000.0,2682000.0,WB,,,,
Operating Income,,133986000.0,123453000.0,96490000.0,WB,,,,
Operating Expense,,214167000.0,222515000.0,231435000.0,WB,,,,
Research And Development,,82764000.0,92945000.0,90676000.0,WB,,,,
Selling General And Administration,,131403000.0,129570000.0,140759000.0,WB,,,,
Selling And Marketing Expense,,109776000.0,105425000.0,106494000.0,WB,,,,
General And Administrative Expense,,21627000.0,24145000.0,34265000.0,WB,,,,
Other Gand A,,21627000.0,24145000.0,34265000.0,WB,,,,
Salaries And Wages,,,10573000.0,,WB,,,,
Gross Profit,,348153000.0,345968000.0,327925000.0,WB,,,,
Cost Of Revenue,,93998000.0,94272000.0,85853000.0,WB,,,,
Total Revenue,,442151000.0,440240000.0,413778000.0,WB,,,,
Operating Revenue,,442151000.0,440240000.0,413778000.0,WB,,,,
Tax Effect Of Unusual Items,,10370189.750235,5890272.285576,12628000.0,BZ,,,,
Tax Rate For Calcs,,0.069656,0.05927,0.25,BZ,,,,
Normalized EBITDA,,112110000.0,75651000.0,-127811000.0,BZ,,,,
Total Unusual Items,,148877000.0,99380000.0,50512000.0,BZ,,,,
Total Unusual Items Excluding Goodwill,,148877000.0,99380000.0,50512000.0,BZ,,,,
Net Income From Continuing Operation Net Minority Interest,,425717000.0,309597000.0,32663000.0,BZ,,,,
Reconciled Cost Of Revenue,,267529000.0,270322000.0,247164000.0,BZ,,,,
EBITDA,,260987000.0,175031000.0,-77299000.0,BZ,,,,
EBIT,,260987000.0,175031000.0,-77299000.0,BZ,,,,
Net Interest Income,,15283000.0,55805000.0,75782000.0,BZ,,,,
Interest Income,,15283000.0,55805000.0,75782000.0,BZ,,,,
Normalized Income,,287210189.750235,216107272.285576,-5221000.0,BZ,,,,
Net Income From Continuing And Discontinued Operation,,425717000.0,309597000.0,32663000.0,BZ,,,,
Total Expenses,,1345649000.0,1312584000.0,1354845000.0,BZ,,,,
Total Operating Income As Reported,,260987000.0,175031000.0,-77299000.0,BZ,,,,
Diluted Average Shares,,449859338.0,450055972.0,453702016.0,BZ,,,,
Basic Average Shares,,435179264.0,434321757.0,432993084.0,BZ,,,,
Diluted EPS,,0.94,0.68,0.08,BZ,,,,
Basic EPS,,0.98,0.72,0.08,BZ,,,,
Diluted NI Availto Com Stockholders,,425717000.0,309597000.0,32663000.0,BZ,,,,
Net Income Common Stockholders,,425717000.0,309597000.0,32663000.0,BZ,,,,
Net Income,,425717000.0,309597000.0,32663000.0,BZ,,,,
Net Income Including Noncontrolling Interests,,425717000.0,309597000.0,32663000.0,BZ,,,,
Net Income Continuous Operations,,425717000.0,309597000.0,32663000.0,BZ,,,,
Tax Provision,,31874000.0,19506000.0,21974000.0,BZ,,,,
Pretax Income,,457591000.0,329103000.0,54637000.0,BZ,,,,
Other Income Expense,,181321000.0,98267000.0,56154000.0,BZ,,,,
Other Non Operating Income Expenses,,32444000.0,-1113000.0,5642000.0,BZ,,,,
Gain On Sale Of Security,,148877000.0,99380000.0,50512000.0,BZ,,,,
Net Non Operating Interest Income Expense,,15283000.0,55805000.0,75782000.0,BZ,,,,
Interest Income Non Operating,,15283000.0,55805000.0,75782000.0,BZ,,,,
Operating Income,,260987000.0,175031000.0,-77299000.0,BZ,,,,
Operating Expense,,1078120000.0,1042262000.0,1107681000.0,BZ,,,,
Other Operating Expenses,,-13078000.0,1776000.0,-18811000.0,BZ,,,,
Research And Development,,414429000.0,365907000.0,333068000.0,BZ,,,,
Selling General And Administration,,676769000.0,674579000.0,793424000.0,BZ,,,,
Selling And Marketing Expense,,457341000.0,471593000.0,628838000.0,BZ,,,,
General And Administrative Expense,,219428000.0,202986000.0,164586000.0,BZ,,,,
Other Gand A,,219428000.0,202986000.0,164586000.0,BZ,,,,
Gross Profit,,1339107000.0,1217293000.0,1030382000.0,BZ,,,,
Cost Of Revenue,,267529000.0,270322000.0,247164000.0,BZ,,,,
Total Revenue,,1606636000.0,1487615000.0,1277546000.0,BZ,,,,
Operating Revenue,,1591500000.0,1470822000.0,1260057000.0,BZ,,,,
Tax Effect Of Unusual Items,0.0,0.0,0.0,0.0,TSLA,,,,
Tax Rate For Calcs,0.21,0.08,0.11,0.09,TSLA,,,,
Normalized EBITDA,3484000000.0,3318000000.0,4119000000.0,3875000000.0,TSLA,,,,
Total Unusual Items,0.0,0.0,0.0,,TSLA,,,,
Total Unusual Items Excluding Goodwill,0.0,0.0,0.0,,TSLA,,,,
Net Income From Continuing Operation Net Minority Interest,7930000000.0,1853000000.0,2703000000.0,2513000000.0,TSLA,,,,
Reconciled Depreciation,1232000000.0,1235000000.0,1154000000.0,1046000000.0,TSLA,,,,
Reconciled Cost Of Revenue,20729000000.0,19172000000.0,20394000000.0,18818000000.0,TSLA,,,,
EBITDA,3484000000.0,3318000000.0,4119000000.0,3875000000.0,TSLA,,,,
EBIT,2252000000.0,2083000000.0,2965000000.0,2829000000.0,TSLA,,,,
Net Interest Income,272000000.0,244000000.0,210000000.0,184000000.0,TSLA,,,,
Interest Expense,61000000.0,38000000.0,28000000.0,29000000.0,TSLA,,,,
Interest Income,333000000.0,282000000.0,238000000.0,213000000.0,TSLA,,,,
Normalized Income,7930000000.0,1853000000.0,2703000000.0,2513000000.0,TSLA,,,,
Net Income From Continuing And Discontinued Operation,7930000000.0,1853000000.0,2703000000.0,2513000000.0,TSLA,,,,
Total Expenses,23103000000.0,21586000000.0,22528000000.0,20665000000.0,TSLA,,,,
Total Operating Income As Reported,2064000000.0,1764000000.0,2399000000.0,2664000000.0,TSLA,,,,
Diluted Average Shares,,3493000000.0,3478000000.0,3468000000.0,TSLA,,,,
Basic Average Shares,,3176000000.0,3171000000.0,3166000000.0,TSLA,,,,
Diluted EPS,,0.53,0.78,0.73,TSLA,,,,
Basic EPS,,0.58,0.85,0.8,TSLA,,,,
Diluted NI Availto Com Stockholders,7927000000.0,1851000000.0,2703000000.0,2513000000.0,TSLA,,,,
Average Dilution Earnings,0.0,0.0,0.0,,TSLA,,,,
Net Income Common Stockholders,7927000000.0,1851000000.0,2703000000.0,2513000000.0,TSLA,,,,
Otherunder Preferred Stock Dividend,,2000000.0,0.0,,TSLA,,,,
Net Income,7930000000.0,1853000000.0,2703000000.0,2513000000.0,TSLA,,,,
Minority Interests,-13000000.0,-25000000.0,89000000.0,-26000000.0,TSLA,,,,
Net Income Including Noncontrolling Interests,7943000000.0,1878000000.0,2614000000.0,2539000000.0,TSLA,,,,
Net Income Continuous Operations,7943000000.0,1878000000.0,2614000000.0,2539000000.0,TSLA,,,,
Tax Provision,-5752000000.0,167000000.0,323000000.0,261000000.0,TSLA,,,,
Pretax Income,2191000000.0,2045000000.0,2937000000.0,2800000000.0,TSLA,,,,
Other Income Expense,-145000000.0,37000000.0,328000000.0,-48000000.0,TSLA,,,,
Other Non Operating Income Expenses,-145000000.0,37000000.0,328000000.0,-48000000.0,TSLA,,,,
Special Income Charges,0.0,0.0,0.0,,TSLA,,,,
Restructuring And Mergern Acquisition,0.0,0.0,0.0,,TSLA,,,,
Net Non Operating Interest Income Expense,272000000.0,244000000.0,210000000.0,184000000.0,TSLA,,,,
Interest Expense Non Operating,61000000.0,38000000.0,28000000.0,29000000.0,TSLA,,,,
Interest Income Non Operating,333000000.0,282000000.0,238000000.0,213000000.0,TSLA,,,,
Operating Income,2064000000.0,1764000000.0,2399000000.0,2664000000.0,TSLA,,,,
Operating Expense,2374000000.0,2414000000.0,2134000000.0,1847000000.0,TSLA,,,,
Research And Development,1094000000.0,1161000000.0,943000000.0,771000000.0,TSLA,,,,
Selling General And Administration,1280000000.0,1253000000.0,1191000000.0,1076000000.0,TSLA,,,,
Gross Profit,4438000000.0,4178000000.0,4533000000.0,4511000000.0,TSLA,,,,
Cost Of Revenue,20729000000.0,19172000000.0,20394000000.0,18818000000.0,TSLA,,,,
Total Revenue,25167000000.0,23350000000.0,24927000000.0,23329000000.0,TSLA,,,,
Operating Revenue,25167000000.0,23350000000.0,24927000000.0,23329000000.0,TSLA,,,,
Tax Effect Of Unusual Items,0.0,0.0,0.0,0.0,AAPL,,,,
Tax Rate For Calcs,0.159,0.149715,0.125,0.149,AAPL,,,,
Normalized EBITDA,43221000000.0,30653000000.0,26783000000.0,32210000000.0,AAPL,,,,
Net Income From Continuing Operation Net Minority Interest,33916000000.0,22956000000.0,19881000000.0,24160000000.0,AAPL,,,,
Reconciled Depreciation,2848000000.0,2653000000.0,3052000000.0,2898000000.0,AAPL,,,,
Reconciled Cost Of Revenue,64720000000.0,49071000000.0,45384000000.0,52860000000.0,AAPL,,,,
EBITDA,43221000000.0,30653000000.0,26783000000.0,32210000000.0,AAPL,,,,
EBIT,40373000000.0,28000000000.0,23731000000.0,29312000000.0,AAPL,,,,
Net Interest Income,,-18000000.0,-18000000.0,-12000000.0,AAPL,,,,
Interest Expense,,1002000000.0,998000000.0,930000000.0,AAPL,,,,
Interest Income,,984000000.0,980000000.0,918000000.0,AAPL,,,,
Normalized Income,33916000000.0,22956000000.0,19881000000.0,24160000000.0,AAPL,,,,
Net Income From Continuing And Discontinued Operation,33916000000.0,22956000000.0,19881000000.0,24160000000.0,AAPL,,,,
Total Expenses,79202000000.0,62529000000.0,58799000000.0,66518000000.0,AAPL,,,,
Total Operating Income As Reported,40373000000.0,26969000000.0,22998000000.0,28318000000.0,AAPL,,,,
Diluted Average Shares,15576641000.0,15672400000.0,15775021000.0,15847050000.0,AAPL,,,,
Basic Average Shares,15509763000.0,15599434000.0,15697614000.0,15787154000.0,AAPL,,,,
Diluted EPS,2.18,1.46,1.26,1.52,AAPL,,,,
Basic EPS,2.19,1.47,1.27,1.53,AAPL,,,,
Diluted NI Availto Com Stockholders,33916000000.0,22956000000.0,19881000000.0,24160000000.0,AAPL,,,,
Net Income Common Stockholders,33916000000.0,22956000000.0,19881000000.0,24160000000.0,AAPL,,,,
Net Income,33916000000.0,22956000000.0,19881000000.0,24160000000.0,AAPL,,,,
Net Income Including Noncontrolling Interests,33916000000.0,22956000000.0,19881000000.0,24160000000.0,AAPL,,,,
Net Income Continuous Operations,33916000000.0,22956000000.0,19881000000.0,24160000000.0,AAPL,,,,
Tax Provision,6407000000.0,4042000000.0,2852000000.0,4222000000.0,AAPL,,,,
Pretax Income,40323000000.0,26998000000.0,22733000000.0,28382000000.0,AAPL,,,,
Other Income Expense,-50000000.0,47000000.0,-247000000.0,76000000.0,AAPL,,,,
Other Non Operating Income Expenses,-50000000.0,47000000.0,-247000000.0,76000000.0,AAPL,,,,
Net Non Operating Interest Income Expense,,-18000000.0,-18000000.0,-12000000.0,AAPL,,,,
Interest Expense Non Operating,,1002000000.0,998000000.0,930000000.0,AAPL,,,,
Interest Income Non Operating,,984000000.0,980000000.0,918000000.0,AAPL,,,,
Operating Income,40373000000.0,26969000000.0,22998000000.0,28318000000.0,AAPL,,,,
Operating Expense,14482000000.0,13458000000.0,13415000000.0,13658000000.0,AAPL,,,,
Research And Development,7696000000.0,7307000000.0,7442000000.0,7457000000.0,AAPL,,,,
Selling General And Administration,6786000000.0,6151000000.0,5973000000.0,6201000000.0,AAPL,,,,
Gross Profit,54855000000.0,40427000000.0,36413000000.0,41976000000.0,AAPL,,,,
Cost Of Revenue,64720000000.0,49071000000.0,45384000000.0,52860000000.0,AAPL,,,,
Total Revenue,119575000000.0,89498000000.0,81797000000.0,94836000000.0,AAPL,,,,
Operating Revenue,119575000000.0,89498000000.0,81797000000.0,94836000000.0,AAPL,,,,
